Bandleader,Orchestra,Date,Title,AltTitle,Genre,Singer,Label,Master,Composer,Author,Arranger,Grouping,Pianist,Bassist,Bandoneons,Strings,Lineup
José Basso,Orquesta José Basso,1949,Se Han Sentado las Carretas,,Tango,Instrumental,Odeón,,Agustín Bardi,Enrique Cadícamo,,49-61 Odeón,José Basso,Rafael Del Bagno,"Julio Ahumada, Eduardo Rovira, Adolfo Francia, Andrés Natale","Mauricio Mise, Francisco Oréfice, Rodolfo Fernández, Domingo Serra, Leopoldo Marafiotti","Piano, Bass, 4 Bandoneons, 5 Violins"
José Basso,Orquesta José Basso,3/10/1949,Dos Que Se Aman,,Vals,Francisco Fiorentino y Ricardo Ruiz,Odeón,,Antonio Tormo,Manuel Flores,,49-61 Odeón,José Basso,Rafael Del Bagno,"Julio Ahumada, Eduardo Rovira, Adolfo Francia, Andrés Natale","Mauricio Mise, Francisco Oréfice, Rodolfo Fernández, Domingo Serra, Leopoldo Marafiotti","Piano, Bass, 4 Bandoneons, 5 Violins"
José Basso,Orquesta José Basso,3/10/1949,Mi Noche Triste,,Tango,Francisco Fiorentino,Odeón,,Samuel Castriota,Pascual Contursi,,49-61 Odeón,José Basso,Rafael Del Bagno,"Julio Ahumada, Eduardo Rovira, Adolfo Francia, Andrés Natale","Mauricio Mise, Francisco Oréfice, Rodolfo Fernández, Domingo Serra, Leopoldo Marafiotti","Piano, Bass, 4 Bandoneons, 5 Violins"
José Basso,Orquesta José Basso,3/10/1949,Sentimiento Gaucho,,Tango,Ricardo Ruiz,Odeón,,"Francisco Canaro, Rafael Canaro",Juan Caruso,,49-61 Odeón,José Basso,Rafael Del Bagno,"Julio Ahumada, Eduardo Rovira, Adolfo Francia, Andrés Natale","Mauricio Mise, Francisco Oréfice, Rodolfo Fernández, Domingo Serra, Leopoldo Marafiotti","Piano, Bass, 4 Bandoneons, 5 Violins"
José Basso,Orquesta José Basso,4/7/1949,Claveles Blancos,,Tango,Ricardo Ruiz,Odeón,,Armando Pontier,José Contursi,,49-61 Odeón,José Basso,Rafael Del Bagno,"Julio Ahumada, Eduardo Rovira, Adolfo Francia, Andrés Natale","Mauricio Mise, Francisco Oréfice, Rodolfo Fernández, Domingo Serra, Leopoldo Marafiotti","Piano, Bass, 4 Bandoneons, 5 Violins"
José Basso,Orquesta José Basso,4/7/1949,El Bulín De La Calle Ayacucho,,Tango,Francisco Fiorentino,Odeón,,"José Servidio, Luis Servidio",Celedonio Flores,,49-61 Odeón,José Basso,Rafael Del Bagno,"Julio Ahumada, Eduardo Rovira, Adolfo Francia, Andrés Natale","Mauricio Mise, Francisco Oréfice, Rodolfo Fernández, Domingo Serra, Leopoldo Marafiotti","Piano, Bass, 4 Bandoneons, 5 Violins"
José Basso,Orquesta José Basso,5/27/1949,Tabernero,El Tabernero,Tango,Francisco Fiorentino,Odeón,,"Miguel Cafre, Fausto Frontera",Raúl Olivieri,,49-61 Odeón,José Basso,Rafael Del Bagno,"Julio Ahumada, Eduardo Rovira, Adolfo Francia, Andrés Natale","Mauricio Mise, Francisco Oréfice, Rodolfo Fernández, Domingo Serra, Leopoldo Marafiotti","Piano, Bass, 4 Bandoneons, 5 Violins"
José Basso,Orquesta José Basso,5/27/1949,Una Lágrima Tuya,,Tango,Francisco Fiorentino y Ricardo Ruiz,Odeón,,Mariano Mores,Homero Manzi,,49-61 Odeón,José Basso,Rafael Del Bagno,"Julio Ahumada, Eduardo Rovira, Adolfo Francia, Andrés Natale","Mauricio Mise, Francisco Oréfice, Rodolfo Fernández, Domingo Serra, Leopoldo Marafiotti","Piano, Bass, 4 Bandoneons, 5 Violins"
José Basso,Orquesta José Basso,8/4/1949,Perdón Viejita,,Tango,Ricardo Ruiz,Odeón,,Osvaldo Fresedo,José Saldías,,49-61 Odeón,José Basso,Rafael Del Bagno,"Julio Ahumada, Eduardo Rovira, Adolfo Francia, Andrés Natale","Mauricio Mise, Francisco Oréfice, Rodolfo Fernández, Domingo Serra, Leopoldo Marafiotti","Piano, Bass, 4 Bandoneons, 5 Violins"
José Basso,Orquesta José Basso,8/4/1949,Un Placer,,Vals,Francisco Fiorentino y Ricardo Ruiz,Odeón,,Vicente Romeo,Juan Caruso,,49-61 Odeón,José Basso,Rafael Del Bagno,"Julio Ahumada, Eduardo Rovira, Adolfo Francia, Andrés Natale","Mauricio Mise, Francisco Oréfice, Rodolfo Fernández, Domingo Serra, Leopoldo Marafiotti","Piano, Bass, 4 Bandoneons, 5 Violins"
José Basso,Orquesta José Basso,9/16/1949,A Media Luz,,Tango,Francisco Fiorentino,Odeón,,Edgardo Donato,Carlos Lenzi,,49-61 Odeón,José Basso,Rafael Del Bagno,"Julio Ahumada, Eduardo Rovira, Adolfo Francia, Andrés Natale","Mauricio Mise, Francisco Oréfice, Rodolfo Fernández, Domingo Serra, Leopoldo Marafiotti","Piano, Bass, 4 Bandoneons, 5 Violins"
José Basso,Orquesta José Basso,9/16/1949,Se Han Sentado las Carretas,,Tango,Instrumental,Odeón,,Agustín Bardi,Enrique Cadícamo,,49-61 Odeón,José Basso,Rafael Del Bagno,"Julio Ahumada, Eduardo Rovira, Adolfo Francia, Andrés Natale","Mauricio Mise, Francisco Oréfice, Rodolfo Fernández, Domingo Serra, Leopoldo Marafiotti","Piano, Bass, 4 Bandoneons, 5 Violins"
José Basso,Orquesta José Basso,11/25/1949,Patotero Sentimental,Bailarín Porteño | Patotero,Tango,Oscar Ferrari,Odeón,,Manuel Jovés,Manuel Romero,,49-61 Odeón,José Basso,Rafael Del Bagno,"Julio Ahumada, Eduardo Rovira, Adolfo Francia, Andrés Natale","Mauricio Mise, Francisco Oréfice, Rodolfo Fernández, Domingo Serra, Leopoldo Marafiotti","Piano, Bass, 4 Bandoneons, 5 Violins"
José Basso,Orquesta José Basso,11/25/1949,Triste Comedia,,Tango,Francisco Fiorentino,Odeón,,Héctor Stamponi,Oscar Rubens,,49-61 Odeón,José Basso,Rafael Del Bagno,"Julio Ahumada, Eduardo Rovira, Adolfo Francia, Andrés Natale","Mauricio Mise, Francisco Oréfice, Rodolfo Fernández, Domingo Serra, Leopoldo Marafiotti","Piano, Bass, 4 Bandoneons, 5 Violins"
José Basso,Orquesta José Basso,1/20/1950,Entrada Prohibida,,Tango,Instrumental,Odeón,,Luis Teisseire,,,49-61 Odeón,José Basso,Rafael Del Bagno,"Julio Ahumada, Eduardo Rovira, Adolfo Francia, Andrés Natale","Mauricio Mise, Francisco Oréfice, Rodolfo Fernández, Domingo Serra, Leopoldo Marafiotti","Piano, Bass, 4 Bandoneons, 5 Violins"
José Basso,Orquesta José Basso,1/20/1950,Venganza,,Tango,Oscar Ferrari,Odeón,,Luis Rubistein,Luis Rubistein,,49-61 Odeón,José Basso,Rafael Del Bagno,"Julio Ahumada, Eduardo Rovira, Adolfo Francia, Andrés Natale","Mauricio Mise, Francisco Oréfice, Rodolfo Fernández, Domingo Serra, Leopoldo Marafiotti","Piano, Bass, 4 Bandoneons, 5 Violins"
José Basso,Orquesta José Basso,3/31/1950,Anoche A Las Dos,,Tango,Jorge Durán,Odeón,,Raúl Hoyos,Roberto Cayol,,49-61 Odeón,José Basso,Rafael Del Bagno,"Julio Ahumada, Eduardo Rovira, Adolfo Francia, Andrés Natale","Mauricio Mise, Francisco Oréfice, Rodolfo Fernández, Domingo Serra, Leopoldo Marafiotti","Piano, Bass, 4 Bandoneons, 5 Violins"
José Basso,Orquesta José Basso,3/31/1950,El Estagiario,,Tango,Instrumental,Odeón,,Martín Álvarez,Martín Álvarez,,49-61 Odeón,José Basso,Rafael Del Bagno,"Julio Ahumada, Eduardo Rovira, Adolfo Francia, Andrés Natale","Mauricio Mise, Francisco Oréfice, Rodolfo Fernández, Domingo Serra, Leopoldo Marafiotti","Piano, Bass, 4 Bandoneons, 5 Violins"
José Basso,Orquesta José Basso,6/27/1950,Galleguita,,Tango,Oscar Ferrari,Odeón,,Horacio Pettorossi,Alfredo Navarrine,,49-61 Odeón,José Basso,Rafael Del Bagno,"Julio Ahumada, Eduardo Rovira, Adolfo Francia, Andrés Natale","Mauricio Mise, Francisco Oréfice, Rodolfo Fernández, Domingo Serra, Leopoldo Marafiotti","Piano, Bass, 4 Bandoneons, 5 Violins"
José Basso,Orquesta José Basso,6/27/1950,Martirio,,Tango,Jorge Durán,Odeón,,Enrique Discépolo,Enrique Discépolo,,49-61 Odeón,José Basso,Rafael Del Bagno,"Julio Ahumada, Eduardo Rovira, Adolfo Francia, Andrés Natale","Mauricio Mise, Francisco Oréfice, Rodolfo Fernández, Domingo Serra, Leopoldo Marafiotti","Piano, Bass, 4 Bandoneons, 5 Violins"
José Basso,Orquesta José Basso,8/29/1950,Mamboretá,,Tango,Jorge Durán,Odeón,,María Godard,Francisco Jiménez,,49-61 Odeón,José Basso,Rafael Del Bagno,"Julio Ahumada, Eduardo Rovira, Adolfo Francia, Andrés Natale","Mauricio Mise, Francisco Oréfice, Rodolfo Fernández, Domingo Serra, Leopoldo Marafiotti","Piano, Bass, 4 Bandoneons, 5 Violins"
José Basso,Orquesta José Basso,8/29/1950,Para Lucirse,Show Off,Tango,Instrumental,Odeón,,Astor Piazzolla,,,49-61 Odeón,José Basso,Rafael Del Bagno,"Julio Ahumada, Eduardo Rovira, Adolfo Francia, Andrés Natale","Mauricio Mise, Francisco Oréfice, Rodolfo Fernández, Domingo Serra, Leopoldo Marafiotti","Piano, Bass, 4 Bandoneons, 5 Violins"
José Basso,Orquesta José Basso,11/17/1950,Mi Vieja Viola,,Tango,Oscar Ferrari,Odeón,,Humberto Correa,"Humberto Correa, Salvador Frías",,49-61 Odeón,José Basso,Rafael Del Bagno,"Julio Ahumada, Eduardo Rovira, Adolfo Francia, Andrés Natale","Mauricio Mise, Francisco Oréfice, Rodolfo Fernández, Domingo Serra, Leopoldo Marafiotti","Piano, Bass, 4 Bandoneons, 5 Violins"
José Basso,Orquesta José Basso,11/17/1950,Payada Criolla,,Milonga,Jorge Durán y Oscar Ferrari,Odeón,,José Basso,Enrique Maroni,,49-61 Odeón,José Basso,Rafael Del Bagno,"Julio Ahumada, Eduardo Rovira, Adolfo Francia, Andrés Natale","Mauricio Mise, Francisco Oréfice, Rodolfo Fernández, Domingo Serra, Leopoldo Marafiotti","Piano, Bass, 4 Bandoneons, 5 Violins"
José Basso,Orquesta José Basso,5/17/1951,El Patio De La Morocha,,Tango,Jorge Durán y Oscar Ferrari,Odeón,,Mariano Mores,Cátulo Castillo,,49-61 Odeón,José Basso,Rafael Del Bagno,"Julio Ahumada, Eduardo Rovira, Adolfo Francia, Andrés Natale","Mauricio Mise, Francisco Oréfice, Rodolfo Fernández, Domingo Serra, Leopoldo Marafiotti","Piano, Bass, 4 Bandoneons, 5 Violins"
José Basso,Orquesta José Basso,5/17/1951,Prepárense,,Tango,Instrumental,Odeón,,Astor Piazzolla,,,49-61 Odeón,José Basso,Rafael Del Bagno,"Julio Ahumada, Eduardo Rovira, Adolfo Francia, Andrés Natale","Mauricio Mise, Francisco Oréfice, Rodolfo Fernández, Domingo Serra, Leopoldo Marafiotti","Piano, Bass, 4 Bandoneons, 5 Violins"
José Basso,Orquesta José Basso,7/24/1951,En la Vía,,Tango,Jorge Durán,Odeón,,Nicolás Vaccaro,Eduardo Méndez,,49-61 Odeón,José Basso,Rafael Del Bagno,"Julio Ahumada, Eduardo Rovira, Adolfo Francia, Andrés Natale","Mauricio Mise, Francisco Oréfice, Rodolfo Fernández, Domingo Serra, Leopoldo Marafiotti","Piano, Bass, 4 Bandoneons, 5 Violins"
José Basso,Orquesta José Basso,7/26/1951,En la Vía,,Tango,Jorge Durán,Odeón,,Nicolás Vaccaro,Eduardo Méndez,,49-61 Odeón,José Basso,Rafael Del Bagno,"Julio Ahumada, Eduardo Rovira, Adolfo Francia, Andrés Natale","Mauricio Mise, Francisco Oréfice, Rodolfo Fernández, Domingo Serra, Leopoldo Marafiotti","Piano, Bass, 4 Bandoneons, 5 Violins"
José Basso,Orquesta José Basso,7/26/1951,Será Una Noche,,Tango,Oscar Ferrari,Odeón,,José Tinelli,Manuel Campos,,49-61 Odeón,José Basso,Rafael Del Bagno,"Julio Ahumada, Eduardo Rovira, Adolfo Francia, Andrés Natale","Mauricio Mise, Francisco Oréfice, Rodolfo Fernández, Domingo Serra, Leopoldo Marafiotti","Piano, Bass, 4 Bandoneons, 5 Violins"
José Basso,Orquesta José Basso,9/11/1951,Te Odio,,Tango,Oscar Ferrari,Odeón,,Francisco Pracáníco,Celedonio Flores,,49-61 Odeón,José Basso,Rafael Del Bagno,"Julio Ahumada, Eduardo Rovira, Adolfo Francia, Andrés Natale","Mauricio Mise, Francisco Oréfice, Rodolfo Fernández, Domingo Serra, Leopoldo Marafiotti","Piano, Bass, 4 Bandoneons, 5 Violins"
José Basso,Orquesta José Basso,9/11/1951,Tomo y Obligo,,Tango,Jorge Durán,Odeón,,Carlos Gardel,Manuel Romero,,49-61 Odeón,José Basso,Rafael Del Bagno,"Julio Ahumada, Eduardo Rovira, Adolfo Francia, Andrés Natale","Mauricio Mise, Francisco Oréfice, Rodolfo Fernández, Domingo Serra, Leopoldo Marafiotti","Piano, Bass, 4 Bandoneons, 5 Violins"
José Basso,Orquesta José Basso,1/10/1952,Hágame el Favor,,Tango,Jorge Durán,Odeón,,José Rial,José Rial,,49-61 Odeón,José Basso,Rafael Del Bagno,"Julio Ahumada, Eduardo Rovira, Adolfo Francia, Andrés Natale","Mauricio Mise, Francisco Oréfice, Rodolfo Fernández, Domingo Serra, Leopoldo Marafiotti","Piano, Bass, 4 Bandoneons, 5 Violins"
José Basso,Orquesta José Basso,1/10/1952,Nuestro Vals,,Vals,Instrumental,Odeón,,José Basso,,,49-61 Odeón,José Basso,Rafael Del Bagno,"Julio Ahumada, Eduardo Rovira, Adolfo Francia, Andrés Natale","Mauricio Mise, Francisco Oréfice, Rodolfo Fernández, Domingo Serra, Leopoldo Marafiotti","Piano, Bass, 4 Bandoneons, 5 Violins"
José Basso,Orquesta José Basso,5/6/1952,Contratiempo,Countepoint,Tango,Instrumental,Odeón,,Astor Piazzolla,,,49-61 Odeón,José Basso,Rafael Del Bagno,"Julio Ahumada, Eduardo Rovira, Adolfo Francia, Andrés Natale","Mauricio Mise, Francisco Oréfice, Rodolfo Fernández, Domingo Serra, Leopoldo Marafiotti","Piano, Bass, 4 Bandoneons, 5 Violins"
José Basso,Orquesta José Basso,5/6/1952,Ronda de Ensueño,,Vals,Jorge Durán y Oscar Ferrari,Odeón,,Josef Ivanovici,Raúl Capablanca,,49-61 Odeón,José Basso,Rafael Del Bagno,"Julio Ahumada, Eduardo Rovira, Adolfo Francia, Andrés Natale","Mauricio Mise, Francisco Oréfice, Rodolfo Fernández, Domingo Serra, Leopoldo Marafiotti","Piano, Bass, 4 Bandoneons, 5 Violins"
José Basso,Orquesta José Basso,7/1/1952,Anteayer,,Tango,Jorge Durán,Odeón,,José Basso,Francisco Jiménez,,49-61 Odeón,José Basso,Rafael Del Bagno,"Julio Ahumada, Eduardo Rovira, Adolfo Francia, Andrés Natale","Mauricio Mise, Francisco Oréfice, Rodolfo Fernández, Domingo Serra, Leopoldo Marafiotti","Piano, Bass, 4 Bandoneons, 5 Violins"
José Basso,Orquesta José Basso,7/1/1952,El Llorón,,Milonga,Instrumental,Odeón,,Juan Maglio,Enrique Cadícamo,,49-61 Odeón,José Basso,Rafael Del Bagno,"Julio Ahumada, Eduardo Rovira, Adolfo Francia, Andrés Natale","Mauricio Mise, Francisco Oréfice, Rodolfo Fernández, Domingo Serra, Leopoldo Marafiotti","Piano, Bass, 4 Bandoneons, 5 Violins"
José Basso,Orquesta José Basso,12/11/1952,Cuando Me Entrés A Fallar,,Tango,Jorge Durán,Odeón,,José Aguilar,Celedonio Flores,,49-61 Odeón,José Basso,Rafael Del Bagno,"Julio Ahumada, Eduardo Rovira, Adolfo Francia, Andrés Natale","Mauricio Mise, Francisco Oréfice, Rodolfo Fernández, Domingo Serra, Leopoldo Marafiotti","Piano, Bass, 4 Bandoneons, 5 Violins"
José Basso,Orquesta José Basso,12/11/1952,Los Mareados,,Tango,Oscar Ferrari,Odeón,,Juan Cobián,Enrique Cadícamo,,49-61 Odeón,José Basso,Rafael Del Bagno,"Julio Ahumada, Eduardo Rovira, Adolfo Francia, Andrés Natale","Mauricio Mise, Francisco Oréfice, Rodolfo Fernández, Domingo Serra, Leopoldo Marafiotti","Piano, Bass, 4 Bandoneons, 5 Violins"
José Basso,Orquesta José Basso,12/11/1952,Once y Uno,11 y 1,Tango,Instrumental,Odeón,,José Basso,,,49-61 Odeón,José Basso,Rafael Del Bagno,"Julio Ahumada, Eduardo Rovira, Adolfo Francia, Andrés Natale","Mauricio Mise, Francisco Oréfice, Rodolfo Fernández, Domingo Serra, Leopoldo Marafiotti","Piano, Bass, 4 Bandoneons, 5 Violins"
José Basso,Orquesta José Basso,12/11/1952,Para Qué Vivir Así,,Tango,Oscar Ferrari,Odeón,,Luciano Leocata,Reinaldo Yiso,,49-61 Odeón,José Basso,Rafael Del Bagno,"Julio Ahumada, Eduardo Rovira, Adolfo Francia, Andrés Natale","Mauricio Mise, Francisco Oréfice, Rodolfo Fernández, Domingo Serra, Leopoldo Marafiotti","Piano, Bass, 4 Bandoneons, 5 Violins"
José Basso,Orquesta José Basso,6/12/1953,Melodía De Arrabal,,Tango,Jorge Durán,Odeón,,Carlos Gardel,"Alfredo Le Pera, Mario Battistella",,49-61 Odeón,José Basso,Rafael Del Bagno,"Julio Ahumada, Eduardo Rovira, Adolfo Francia, Andrés Natale","Mauricio Mise, Francisco Oréfice, Rodolfo Fernández, Domingo Serra, Leopoldo Marafiotti","Piano, Bass, 4 Bandoneons, 5 Violins"
José Basso,Orquesta José Basso,6/12/1953,Triunfal,,Tango,Instrumental,Odeón,,Astor Piazzolla,,,49-61 Odeón,José Basso,Rafael Del Bagno,"Julio Ahumada, Eduardo Rovira, Adolfo Francia, Andrés Natale","Mauricio Mise, Francisco Oréfice, Rodolfo Fernández, Domingo Serra, Leopoldo Marafiotti","Piano, Bass, 4 Bandoneons, 5 Violins"
José Basso,Orquesta José Basso,12/9/1953,Cuesta Abajo,,Tango,Rodolfo Galé,Odeón,,Carlos Gardel,Alfredo Le Pera,,49-61 Odeón,José Basso,Rafael Del Bagno,"Julio Ahumada, Eduardo Rovira, Adolfo Francia, Andrés Natale","Mauricio Mise, Francisco Oréfice, Rodolfo Fernández, Domingo Serra, Leopoldo Marafiotti","Piano, Bass, 4 Bandoneons, 5 Violins"
José Basso,Orquesta José Basso,12/9/1953,Patoteros,,Tango,Rodolfo Galé,Odeón,,Adolfo Mondino,"Víctor Soliño, Roberto Fontaina",,49-61 Odeón,José Basso,Rafael Del Bagno,"Julio Ahumada, Eduardo Rovira, Adolfo Francia, Andrés Natale","Mauricio Mise, Francisco Oréfice, Rodolfo Fernández, Domingo Serra, Leopoldo Marafiotti","Piano, Bass, 4 Bandoneons, 5 Violins"
José Basso,Orquesta José Basso,12/9/1953,Pena Copa y Tango,,Tango,Oscar Ferrari,Odeón,,José Basso,Mario Diaz,,49-61 Odeón,José Basso,Rafael Del Bagno,"Julio Ahumada, Eduardo Rovira, Adolfo Francia, Andrés Natale","Mauricio Mise, Francisco Oréfice, Rodolfo Fernández, Domingo Serra, Leopoldo Marafiotti","Piano, Bass, 4 Bandoneons, 5 Violins"
José Basso,Orquesta José Basso,12/9/1953,Sábado Inglés,,Tango,Instrumental,Odeón,,Juan Maglio,Eugenio Cárdenas,,49-61 Odeón,José Basso,Rafael Del Bagno,"Julio Ahumada, Eduardo Rovira, Adolfo Francia, Andrés Natale","Mauricio Mise, Francisco Oréfice, Rodolfo Fernández, Domingo Serra, Leopoldo Marafiotti","Piano, Bass, 4 Bandoneons, 5 Violins"
José Basso,Orquesta José Basso,9/23/1954,Doblando el Codo,,Tango,Rodolfo Galé,Odeón,,Eduardo Del Piano,Juan Mañueco,,49-61 Odeón,José Basso,Rafael Del Bagno,"Julio Ahumada, Eduardo Rovira, Adolfo Francia, Andrés Natale","Mauricio Mise, Francisco Oréfice, Rodolfo Fernández, Domingo Serra, Leopoldo Marafiotti","Piano, Bass, 4 Bandoneons, 5 Violins"
José Basso,Orquesta José Basso,9/23/1954,Lo Siento en el Alma,,Tango,Oscar Ferrari,Odeón,,Roberto Giménez,Reinaldo Yiso,,49-61 Odeón,José Basso,Rafael Del Bagno,"Julio Ahumada, Eduardo Rovira, Adolfo Francia, Andrés Natale","Mauricio Mise, Francisco Oréfice, Rodolfo Fernández, Domingo Serra, Leopoldo Marafiotti","Piano, Bass, 4 Bandoneons, 5 Violins"
José Basso,Orquesta José Basso,4/19/1955,Don Juan,Mozos Guapos,Tango,Instrumental,Odeón,,Ernesto Ponzio,Ricardo Podestá,,49-61 Odeón,José Basso,Rafael Del Bagno,"Julio Ahumada, Eduardo Rovira, Adolfo Francia, Andrés Natale","Mauricio Mise, Francisco Oréfice, Rodolfo Fernández, Domingo Serra, Leopoldo Marafiotti","Piano, Bass, 4 Bandoneons, 5 Violins"
José Basso,Orquesta José Basso,4/19/1955,Eras Como La Flor,,Tango,Rodolfo Galé,Odeón,,Roberto Rufino,Mario Arrieta,,49-61 Odeón,José Basso,Rafael Del Bagno,"Julio Ahumada, Eduardo Rovira, Adolfo Francia, Andrés Natale","Mauricio Mise, Francisco Oréfice, Rodolfo Fernández, Domingo Serra, Leopoldo Marafiotti","Piano, Bass, 4 Bandoneons, 5 Violins"
José Basso,Orquesta José Basso,4/19/1955,La Maleva,,Tango,Oscar Ferrari,Odeón,,Antonio Buglione,Mario Pardo,,49-61 Odeón,José Basso,Rafael Del Bagno,"Julio Ahumada, Eduardo Rovira, Adolfo Francia, Andrés Natale","Mauricio Mise, Francisco Oréfice, Rodolfo Fernández, Domingo Serra, Leopoldo Marafiotti","Piano, Bass, 4 Bandoneons, 5 Violins"
José Basso,Orquesta José Basso,4/19/1955,La Tablada,,Tango,Instrumental,Odeón,,Francisco Canaro,,,49-61 Odeón,José Basso,Rafael Del Bagno,"Julio Ahumada, Eduardo Rovira, Adolfo Francia, Andrés Natale","Mauricio Mise, Francisco Oréfice, Rodolfo Fernández, Domingo Serra, Leopoldo Marafiotti","Piano, Bass, 4 Bandoneons, 5 Violins"
José Basso,Orquesta José Basso,9/16/1955,Amurado,,Tango,Instrumental,Odeón,,"Pedro Maffía, Pedro Laurenz",José De Grandis,,49-61 Odeón,José Basso,Rafael Del Bagno,"Julio Ahumada, Eduardo Rovira, Adolfo Francia, Andrés Natale","Mauricio Mise, Francisco Oréfice, Rodolfo Fernández, Domingo Serra, Leopoldo Marafiotti","Piano, Bass, 4 Bandoneons, 5 Violins"
José Basso,Orquesta José Basso,9/16/1955,Guardia Vieja,,Tango,Instrumental,Odeón,,Julio De Caro,José De Grandis,,49-61 Odeón,José Basso,Rafael Del Bagno,"Julio Ahumada, Eduardo Rovira, Adolfo Francia, Andrés Natale","Mauricio Mise, Francisco Oréfice, Rodolfo Fernández, Domingo Serra, Leopoldo Marafiotti","Piano, Bass, 4 Bandoneons, 5 Violins"
José Basso,Orquesta José Basso,9/16/1955,La Cumparsita,Si Supieras,Tango,Instrumental,Odeón,,Gerardo Rodríguez,"Pascual Contursi, Enrique Maroni, Gerardo Rodríguez",,49-61 Odeón,José Basso,Rafael Del Bagno,"Julio Ahumada, Eduardo Rovira, Adolfo Francia, Andrés Natale","Mauricio Mise, Francisco Oréfice, Rodolfo Fernández, Domingo Serra, Leopoldo Marafiotti","Piano, Bass, 4 Bandoneons, 5 Violins"
José Basso,Orquesta José Basso,9/16/1955,La Puñalada,,Milonga,Instrumental,Odeón,,Pintín Castellanos,Celedonio Flores,,49-61 Odeón,José Basso,Rafael Del Bagno,"Julio Ahumada, Eduardo Rovira, Adolfo Francia, Andrés Natale","Mauricio Mise, Francisco Oréfice, Rodolfo Fernández, Domingo Serra, Leopoldo Marafiotti","Piano, Bass, 4 Bandoneons, 5 Violins"
José Basso,Orquesta José Basso,9/16/1955,Re FA Si,,Tango,Instrumental,Odeón,,Enrique Delfino,,,49-61 Odeón,José Basso,Rafael Del Bagno,"Julio Ahumada, Eduardo Rovira, Adolfo Francia, Andrés Natale","Mauricio Mise, Francisco Oréfice, Rodolfo Fernández, Domingo Serra, Leopoldo Marafiotti","Piano, Bass, 4 Bandoneons, 5 Violins"
José Basso,Orquesta José Basso,9/16/1955,Sacale Punta al Lápiz,,Milonga,Instrumental,Odeón,,José Basso,,,49-61 Odeón,José Basso,Rafael Del Bagno,"Julio Ahumada, Eduardo Rovira, Adolfo Francia, Andrés Natale","Mauricio Mise, Francisco Oréfice, Rodolfo Fernández, Domingo Serra, Leopoldo Marafiotti","Piano, Bass, 4 Bandoneons, 5 Violins"
José Basso,Orquesta José Basso,12/23/1955,Cuando Muere el Corazón,,Tango,Oscar Ferrari,Odeón,,Juan Bera,Antonio Salerno,,49-61 Odeón,José Basso,Rafael Del Bagno,"Julio Ahumada, Eduardo Rovira, Adolfo Francia, Andrés Natale","Mauricio Mise, Francisco Oréfice, Rodolfo Fernández, Domingo Serra, Leopoldo Marafiotti","Piano, Bass, 4 Bandoneons, 5 Violins"
José Basso,Orquesta José Basso,12/23/1955,Sentimiento Gaucho,,Tango,Oscar Ferrari,Odeón,,"Francisco Canaro, Rafael Canaro",Juan Caruso,,49-61 Odeón,José Basso,Rafael Del Bagno,"Julio Ahumada, Eduardo Rovira, Adolfo Francia, Andrés Natale","Mauricio Mise, Francisco Oréfice, Rodolfo Fernández, Domingo Serra, Leopoldo Marafiotti","Piano, Bass, 4 Bandoneons, 5 Violins"
José Basso,Orquesta José Basso,4/13/1956,Pecachi,,Tango,Instrumental,Odeón,,José Basso,,,49-61 Odeón,José Basso,Rafael Del Bagno,"Julio Ahumada, Eduardo Rovira, Adolfo Francia, Andrés Natale","Mauricio Mise, Francisco Oréfice, Rodolfo Fernández, Domingo Serra, Leopoldo Marafiotti","Piano, Bass, 4 Bandoneons, 5 Violins"
José Basso,Jose Basso y su Orquesta,4/20/1956,Yunquitango,,Tango,Instrumental,Odeón,,Héctor Stamponi,,,49-61 Odeón,José Basso,Rafael Del Bagno,"Julio Ahumada, Eduardo Rovira, Adolfo Francia, Andrés Natale","Mauricio Mise, Francisco Oréfice, Rodolfo Fernández, Domingo Serra, Leopoldo Marafiotti","Piano, Bass, 4 Bandoneons, 5 Violins"
José Basso,Orquesta José Basso,6/11/1956,Por La Vuelta,,Tango,Floreal Ruiz,Odeón,,José Tinelli,Enrique Cadícamo,,49-61 Odeón,José Basso,Rafael Del Bagno,"Julio Ahumada, Eduardo Rovira, Adolfo Francia, Andrés Natale","Mauricio Mise, Francisco Oréfice, Rodolfo Fernández, Domingo Serra, Leopoldo Marafiotti","Piano, Bass, 4 Bandoneons, 5 Violins"
José Basso,Orquesta José Basso,6/11/1956,Y Todavía Te Quiero,,Tango,Floreal Ruiz,Odeón,,Luciano Leocata,Abel Aznar,,49-61 Odeón,José Basso,Rafael Del Bagno,"Julio Ahumada, Eduardo Rovira, Adolfo Francia, Andrés Natale","Mauricio Mise, Francisco Oréfice, Rodolfo Fernández, Domingo Serra, Leopoldo Marafiotti","Piano, Bass, 4 Bandoneons, 5 Violins"
José Basso,Orquesta José Basso,7/26/1956,A la Mujer Argentina,,Tango,Floreal Ruiz,Odeón,,Alejandro Romay,Roberto Giménez,,49-61 Odeón,José Basso,Rafael Del Bagno,"Julio Ahumada, Eduardo Rovira, Adolfo Francia, Andrés Natale","Mauricio Mise, Francisco Oréfice, Rodolfo Fernández, Domingo Serra, Leopoldo Marafiotti","Piano, Bass, 4 Bandoneons, 5 Violins"
José Basso,Orquesta José Basso,7/26/1956,La Cumparsita,Si Supieras,Tango,Instrumental,Odeón,,Gerardo Rodríguez,"Pascual Contursi, Enrique Maroni, Gerardo Rodríguez",,49-61 Odeón,José Basso,Rafael Del Bagno,"Julio Ahumada, Eduardo Rovira, Adolfo Francia, Andrés Natale","Mauricio Mise, Francisco Oréfice, Rodolfo Fernández, Domingo Serra, Leopoldo Marafiotti","Piano, Bass, 4 Bandoneons, 5 Violins"
José Basso,Orquesta José Basso,9/17/1956,Bailemos,,Tango,Floreal Ruiz,Odeón,,Cholo Mamone,Reinaldo Yiso,,49-61 Odeón,José Basso,Rafael Del Bagno,"Julio Ahumada, Eduardo Rovira, Adolfo Francia, Andrés Natale","Mauricio Mise, Francisco Oréfice, Rodolfo Fernández, Domingo Serra, Leopoldo Marafiotti","Piano, Bass, 4 Bandoneons, 5 Violins"
José Basso,Orquesta José Basso,9/17/1956,El Taita,Raza Criolla,Tango,Instrumental,Odeón,,Salvador Grupillo,,,49-61 Odeón,José Basso,Rafael Del Bagno,"Julio Ahumada, Eduardo Rovira, Adolfo Francia, Andrés Natale","Mauricio Mise, Francisco Oréfice, Rodolfo Fernández, Domingo Serra, Leopoldo Marafiotti","Piano, Bass, 4 Bandoneons, 5 Violins"
José Basso,Orquesta José Basso,10/9/1956,Mis Manos,,Tango,Floreal Ruiz,Odeón,,Gilbert Becaud,"Pierre Delanoe, Hipolyte Beuscher, Guillermo Pelay, Horacio Pelay",,49-61 Odeón,José Basso,Rafael Del Bagno,"Julio Ahumada, Eduardo Rovira, Adolfo Francia, Andrés Natale","Mauricio Mise, Francisco Oréfice, Rodolfo Fernández, Domingo Serra, Leopoldo Marafiotti","Piano, Bass, 4 Bandoneons, 5 Violins"
José Basso,Orquesta José Basso,10/9/1956,Muriéndome De Amor,,Tango,Floreal Ruiz,Odeón,,Manuel Sucher,Carlos Bahr,,49-61 Odeón,José Basso,Rafael Del Bagno,"Julio Ahumada, Eduardo Rovira, Adolfo Francia, Andrés Natale","Mauricio Mise, Francisco Oréfice, Rodolfo Fernández, Domingo Serra, Leopoldo Marafiotti","Piano, Bass, 4 Bandoneons, 5 Violins"
José Basso,Orquesta José Basso,11/29/1956,La Reja,,Tango,Floreal Ruiz,Odeón,,Carlos Marcucci,Manuel Meaños,,49-61 Odeón,José Basso,Rafael Del Bagno,"Julio Ahumada, Eduardo Rovira, Adolfo Francia, Andrés Natale","Mauricio Mise, Francisco Oréfice, Rodolfo Fernández, Domingo Serra, Leopoldo Marafiotti","Piano, Bass, 4 Bandoneons, 5 Violins"
José Basso,Orquesta José Basso,11/29/1956,Mundana,,Tango,Floreal Ruiz,Odeón,,"José Basso, Floreal Ruíz",Manuel Barros,,49-61 Odeón,José Basso,Rafael Del Bagno,"Julio Ahumada, Eduardo Rovira, Adolfo Francia, Andrés Natale","Mauricio Mise, Francisco Oréfice, Rodolfo Fernández, Domingo Serra, Leopoldo Marafiotti","Piano, Bass, 4 Bandoneons, 5 Violins"
José Basso,Orquesta José Basso,3/27/1957,La Fulana,,Milonga,Floreal Ruiz,Odeón,,"Alberto Mastra, Luis Caruso","Alberto Mastra, Luis Caruso",,49-61 Odeón,José Basso,Rafael Del Bagno,"Julio Ahumada, Eduardo Rovira, Adolfo Francia, Andrés Natale","Mauricio Mise, Francisco Oréfice, Rodolfo Fernández, Domingo Serra, Leopoldo Marafiotti","Piano, Bass, 4 Bandoneons, 5 Violins"
José Basso,Orquesta José Basso,3/27/1957,Quedémonos Aquí,,Tango,Floreal Ruiz,Odeón,,Héctor Stamponi,Homero Expósito,,49-61 Odeón,José Basso,Rafael Del Bagno,"Julio Ahumada, Eduardo Rovira, Adolfo Francia, Andrés Natale","Mauricio Mise, Francisco Oréfice, Rodolfo Fernández, Domingo Serra, Leopoldo Marafiotti","Piano, Bass, 4 Bandoneons, 5 Violins"
José Basso,Orquesta José Basso,8/27/1957,De Puro Curda,,Tango,Alfredo Belusi,Odeón,,Carlos Olmedo,"Abel Aznar, Campos Di Carlo",,49-61 Odeón,José Basso,Rafael Del Bagno,"Julio Ahumada, Eduardo Rovira, Adolfo Francia, Andrés Natale","Mauricio Mise, Francisco Oréfice, Rodolfo Fernández, Domingo Serra, Leopoldo Marafiotti","Piano, Bass, 4 Bandoneons, 5 Violins"
José Basso,Orquesta José Basso,8/27/1957,Vieja Amiga,,Tango,Floreal Ruiz,Odeón,,Pedro Laurenz,José Contursi,,49-61 Odeón,José Basso,Rafael Del Bagno,"Julio Ahumada, Eduardo Rovira, Adolfo Francia, Andrés Natale","Mauricio Mise, Francisco Oréfice, Rodolfo Fernández, Domingo Serra, Leopoldo Marafiotti","Piano, Bass, 4 Bandoneons, 5 Violins"
José Basso,Orquesta José Basso,9/27/1957,Dónde Estás,,Tango,Floreal Ruiz,Odeón,,Manuel Sucher,Carlos Bahr,,49-61 Odeón,José Basso,Rafael Del Bagno,"Julio Ahumada, Eduardo Rovira, Adolfo Francia, Andrés Natale","Mauricio Mise, Francisco Oréfice, Rodolfo Fernández, Domingo Serra, Leopoldo Marafiotti","Piano, Bass, 4 Bandoneons, 5 Violins"
José Basso,Orquesta José Basso,9/27/1957,Recordándote,,Tango,Alfredo Belusi,Odeón,,Guillermo Barbieri,José De Grandis,,49-61 Odeón,José Basso,Rafael Del Bagno,"Julio Ahumada, Eduardo Rovira, Adolfo Francia, Andrés Natale","Mauricio Mise, Francisco Oréfice, Rodolfo Fernández, Domingo Serra, Leopoldo Marafiotti","Piano, Bass, 4 Bandoneons, 5 Violins"
José Basso,Orquesta José Basso,3/3/1958,No Eres Igual,,Tango,Floreal Ruiz,Odeón,,Roberto Ortega,Héctor Sategna,,49-61 Odeón,José Basso,Rafael Del Bagno,"Julio Ahumada, Eduardo Rovira, Adolfo Francia, Andrés Natale","Mauricio Mise, Francisco Oréfice, Rodolfo Fernández, Domingo Serra, Leopoldo Marafiotti","Piano, Bass, 4 Bandoneons, 5 Violins"
José Basso,Orquesta José Basso,3/3/1958,Qué Me Importa Tu Pasado,,Tango,Alfredo Belusi,Odeón,,Retama,Roberto Giménez,,49-61 Odeón,José Basso,Rafael Del Bagno,"Julio Ahumada, Eduardo Rovira, Adolfo Francia, Andrés Natale","Mauricio Mise, Francisco Oréfice, Rodolfo Fernández, Domingo Serra, Leopoldo Marafiotti","Piano, Bass, 4 Bandoneons, 5 Violins"
José Basso,Orquesta José Basso,5/14/1958,Ahí Va El Dulce,,Tango,Instrumental,Odeón,,Juan Canaro,Osvaldo Cordero,,49-61 Odeón,José Basso,Rafael Del Bagno,"Julio Ahumada, Eduardo Rovira, Adolfo Francia, Andrés Natale","Mauricio Mise, Francisco Oréfice, Rodolfo Fernández, Domingo Serra, Leopoldo Marafiotti","Piano, Bass, 4 Bandoneons, 5 Violins"
José Basso,Orquesta José Basso,5/19/1958,Gigí,,Tango,Floreal Ruiz,Odeón,,Enzo Valentino,Eduardo Moreno,,49-61 Odeón,José Basso,Rafael Del Bagno,"Julio Ahumada, Eduardo Rovira, Adolfo Francia, Andrés Natale","Mauricio Mise, Francisco Oréfice, Rodolfo Fernández, Domingo Serra, Leopoldo Marafiotti","Piano, Bass, 4 Bandoneons, 5 Violins"
José Basso,Orquesta José Basso,5/21/1958,Cobardía,Bolero de Ma Vie,Tango,Alfredo Belusi,Odeón,,Charlo,Luis Amadori,,49-61 Odeón,José Basso,Rafael Del Bagno,"Julio Ahumada, Eduardo Rovira, Adolfo Francia, Andrés Natale","Mauricio Mise, Francisco Oréfice, Rodolfo Fernández, Domingo Serra, Leopoldo Marafiotti","Piano, Bass, 4 Bandoneons, 5 Violins"
José Basso,Orquesta José Basso,5/28/1958,Cobardía,Bolero de Ma Vie,Tango,Alfredo Belusi,Odeón,,Charlo,Luis Amadori,,49-61 Odeón,José Basso,Rafael Del Bagno,"Julio Ahumada, Eduardo Rovira, Adolfo Francia, Andrés Natale","Mauricio Mise, Francisco Oréfice, Rodolfo Fernández, Domingo Serra, Leopoldo Marafiotti","Piano, Bass, 4 Bandoneons, 5 Violins"
José Basso,Orquesta José Basso,5/28/1958,Después del Carnaval,,Tango,Floreal Ruiz,Odeón,,José Keen,José Keen,,49-61 Odeón,José Basso,Rafael Del Bagno,"Julio Ahumada, Eduardo Rovira, Adolfo Francia, Andrés Natale","Mauricio Mise, Francisco Oréfice, Rodolfo Fernández, Domingo Serra, Leopoldo Marafiotti","Piano, Bass, 4 Bandoneons, 5 Violins"
José Basso,Orquesta José Basso,10/7/1958,El Último Guapo,,Tango,Alfredo Belusi,Odeón,,Riel,Abel Aznar,,49-61 Odeón,José Basso,Rafael Del Bagno,"Julio Ahumada, Eduardo Rovira, Adolfo Francia, Andrés Natale","Mauricio Mise, Francisco Oréfice, Rodolfo Fernández, Domingo Serra, Leopoldo Marafiotti","Piano, Bass, 4 Bandoneons, 5 Violins"
José Basso,Orquesta José Basso,10/7/1958,Un Placer,,Vals,Alfredo Belusi y Floreal Ruiz,Odeón,,Vicente Romeo,Juan Caruso,,49-61 Odeón,José Basso,Rafael Del Bagno,"Julio Ahumada, Eduardo Rovira, Adolfo Francia, Andrés Natale","Mauricio Mise, Francisco Oréfice, Rodolfo Fernández, Domingo Serra, Leopoldo Marafiotti","Piano, Bass, 4 Bandoneons, 5 Violins"
José Basso,Orquesta José Basso,12/3/1958,María la del Portón,,Tango,Floreal Ruiz,Odeón,,Vicente Natale,Abel Aznar,,49-61 Odeón,José Basso,Rafael Del Bagno,"Julio Ahumada, Eduardo Rovira, Adolfo Francia, Andrés Natale","Mauricio Mise, Francisco Oréfice, Rodolfo Fernández, Domingo Serra, Leopoldo Marafiotti","Piano, Bass, 4 Bandoneons, 5 Violins"
José Basso,Orquesta José Basso,12/3/1958,Por Miedo a Perderte,,Tango,Alfredo Belusi,Odeón,,Rafael Del Bagno,Antonio Cantó,,49-61 Odeón,José Basso,Rafael Del Bagno,"Julio Ahumada, Eduardo Rovira, Adolfo Francia, Andrés Natale","Mauricio Mise, Francisco Oréfice, Rodolfo Fernández, Domingo Serra, Leopoldo Marafiotti","Piano, Bass, 4 Bandoneons, 5 Violins"
José Basso,Orquesta José Basso,1/8/1959,Amurado,,Tango,Instrumental,Pathé,,"Pedro Maffía, Pedro Laurenz",José De Grandis,,49-61 Odeón,José Basso,Rafael Del Bagno,"Julio Ahumada, Eduardo Rovira, Adolfo Francia, Andrés Natale","Mauricio Mise, Francisco Oréfice, Rodolfo Fernández, Domingo Serra, Leopoldo Marafiotti","Piano, Bass, 4 Bandoneons, 5 Violins"
José Basso,Orquesta José Basso,1/8/1959,Pájaro Azul,,Tango,Instrumental,Pathé,,Francisco Canaro,,,49-61 Odeón,José Basso,Rafael Del Bagno,"Julio Ahumada, Eduardo Rovira, Adolfo Francia, Andrés Natale","Mauricio Mise, Francisco Oréfice, Rodolfo Fernández, Domingo Serra, Leopoldo Marafiotti","Piano, Bass, 4 Bandoneons, 5 Violins"
José Basso,Orquesta José Basso,3/9/1959,En El Lago Azul,,Tango,Floreal Ruiz,Pathé,,Roberto Rufino,Alejandro Romay,,49-61 Odeón,José Basso,Rafael Del Bagno,"Julio Ahumada, Eduardo Rovira, Adolfo Francia, Andrés Natale","Mauricio Mise, Francisco Oréfice, Rodolfo Fernández, Domingo Serra, Leopoldo Marafiotti","Piano, Bass, 4 Bandoneons, 5 Violins"
José Basso,Orquesta José Basso,3/9/1959,Porque Sí,,Tango,Floreal Ruiz,Pathé,,José Basso,Juan Pueblito,,49-61 Odeón,José Basso,Rafael Del Bagno,"Julio Ahumada, Eduardo Rovira, Adolfo Francia, Andrés Natale","Mauricio Mise, Francisco Oréfice, Rodolfo Fernández, Domingo Serra, Leopoldo Marafiotti","Piano, Bass, 4 Bandoneons, 5 Violins"
José Basso,Orquesta José Basso,7/21/1959,El Peluquero,,Milonga,Floreal Ruiz,Pathé,,Alberto Mastra,Alberto Mastra,,49-61 Odeón,José Basso,Rafael Del Bagno,"Julio Ahumada, Eduardo Rovira, Adolfo Francia, Andrés Natale","Mauricio Mise, Francisco Oréfice, Rodolfo Fernández, Domingo Serra, Leopoldo Marafiotti","Piano, Bass, 4 Bandoneons, 5 Violins"
José Basso,Orquesta José Basso,7/21/1959,Y No Le Erré,,Tango,Alfredo Belusi,Pathé,,Carlos Olmedo,Abel Aznar,,49-61 Odeón,José Basso,Rafael Del Bagno,"Julio Ahumada, Eduardo Rovira, Adolfo Francia, Andrés Natale","Mauricio Mise, Francisco Oréfice, Rodolfo Fernández, Domingo Serra, Leopoldo Marafiotti","Piano, Bass, 4 Bandoneons, 5 Violins"
José Basso,Orquesta José Basso,12/1/1959,Felicidad,,Tango,Alfredo Belusi y Floreal Ruiz,Pathé,,Alfredo De Ángelis,José Rótulo,,49-61 Odeón,José Basso,Rafael Del Bagno,"Julio Ahumada, Eduardo Rovira, Adolfo Francia, Andrés Natale","Mauricio Mise, Francisco Oréfice, Rodolfo Fernández, Domingo Serra, Leopoldo Marafiotti","Piano, Bass, 4 Bandoneons, 5 Violins"
José Basso,Orquesta José Basso,12/1/1959,Te Quiero por Buena,,Tango,Floreal Ruiz,Pathé,,"Floreal Ruíz, Roberto Rufino",Carlos Russo,,49-61 Odeón,José Basso,Rafael Del Bagno,"Julio Ahumada, Eduardo Rovira, Adolfo Francia, Andrés Natale","Mauricio Mise, Francisco Oréfice, Rodolfo Fernández, Domingo Serra, Leopoldo Marafiotti","Piano, Bass, 4 Bandoneons, 5 Violins"
José Basso,Orquesta José Basso,4/26/1960,Cuerpo y Alma,,Tango,Floreal Ruiz,Odeón,,José Basso,Juan Pueblito,,49-61 Odeón,José Basso,Rafael Del Bagno,"Julio Ahumada, Eduardo Rovira, Adolfo Francia, Andrés Natale","Mauricio Mise, Francisco Oréfice, Rodolfo Fernández, Domingo Serra, Leopoldo Marafiotti","Piano, Bass, 4 Bandoneons, 5 Violins"
José Basso,Orquesta José Basso,4/26/1960,No Tengo La Culpa,,Tango,Alfredo Belusi,Odeón,,Carlos Olmedo,Arturo De La Torre,,49-61 Odeón,José Basso,Rafael Del Bagno,"Julio Ahumada, Eduardo Rovira, Adolfo Francia, Andrés Natale","Mauricio Mise, Francisco Oréfice, Rodolfo Fernández, Domingo Serra, Leopoldo Marafiotti","Piano, Bass, 4 Bandoneons, 5 Violins"
José Basso,Orquesta José Basso,4/26/1960,Se Marchita un Clavel,,Tango,Floreal Ruiz,Odeón,,José Tinelli,Manuel Campos,,49-61 Odeón,José Basso,Rafael Del Bagno,"Julio Ahumada, Eduardo Rovira, Adolfo Francia, Andrés Natale","Mauricio Mise, Francisco Oréfice, Rodolfo Fernández, Domingo Serra, Leopoldo Marafiotti","Piano, Bass, 4 Bandoneons, 5 Violins"
José Basso,Orquesta José Basso,4/26/1960,Sueño Malevo,,Tango,Alfredo Belusi,Odeón,,Riel,Abel Aznar,,49-61 Odeón,José Basso,Rafael Del Bagno,"Julio Ahumada, Eduardo Rovira, Adolfo Francia, Andrés Natale","Mauricio Mise, Francisco Oréfice, Rodolfo Fernández, Domingo Serra, Leopoldo Marafiotti","Piano, Bass, 4 Bandoneons, 5 Violins"
José Basso,Orquesta José Basso,4/14/1961,Cobrate Y Dame El Vuelto,,Milonga,Alfredo Del Río,Odeón,,Miguel Caló,Enrique Dizeo,,49-61 Odeón,José Basso,Rafael Del Bagno,"Julio Ahumada, Eduardo Rovira, Adolfo Francia, Andrés Natale","Mauricio Mise, Francisco Oréfice, Rodolfo Fernández, Domingo Serra, Leopoldo Marafiotti","Piano, Bass, 4 Bandoneons, 5 Violins"
José Basso,Orquesta José Basso,4/14/1961,Tu Beso y Nada Más,,Tango,Floreal Ruiz,Odeón,,"Ángel Cabral, José Basso",Floreal Ruíz,,49-61 Odeón,José Basso,Rafael Del Bagno,"Julio Ahumada, Eduardo Rovira, Adolfo Francia, Andrés Natale","Mauricio Mise, Francisco Oréfice, Rodolfo Fernández, Domingo Serra, Leopoldo Marafiotti","Piano, Bass, 4 Bandoneons, 5 Violins"
José Basso,Orquesta José Basso,4/18/1961,Brazo De Oro,,Tango,Instrumental,Odeón,,José Basso,,,49-61 Odeón,José Basso,Rafael Del Bagno,"Julio Ahumada, Eduardo Rovira, Adolfo Francia, Andrés Natale","Mauricio Mise, Francisco Oréfice, Rodolfo Fernández, Domingo Serra, Leopoldo Marafiotti","Piano, Bass, 4 Bandoneons, 5 Violins"
José Basso,Orquesta José Basso,4/18/1961,El Firulete,,Milonga,Instrumental,Odeón,,"Mariano Mores, Fernando Caprio",Rodolfo Taboada,,49-61 Odeón,José Basso,Rafael Del Bagno,"Julio Ahumada, Eduardo Rovira, Adolfo Francia, Andrés Natale","Mauricio Mise, Francisco Oréfice, Rodolfo Fernández, Domingo Serra, Leopoldo Marafiotti","Piano, Bass, 4 Bandoneons, 5 Violins"
José Basso,Orquesta José Basso,4/18/1961,El Viejo Amor,,Tango,Floreal Ruiz,Odeón,,José Tinelli,Alejandro Romay,,49-61 Odeón,José Basso,Rafael Del Bagno,"Julio Ahumada, Eduardo Rovira, Adolfo Francia, Andrés Natale","Mauricio Mise, Francisco Oréfice, Rodolfo Fernández, Domingo Serra, Leopoldo Marafiotti","Piano, Bass, 4 Bandoneons, 5 Violins"
José Basso,Orquesta José Basso,4/18/1961,Una Historia Más,,Tango,Alfredo Del Río,Odeón,,"José Basso, Riel",Raúl Hormaza,,49-61 Odeón,José Basso,Rafael Del Bagno,"Julio Ahumada, Eduardo Rovira, Adolfo Francia, Andrés Natale","Mauricio Mise, Francisco Oréfice, Rodolfo Fernández, Domingo Serra, Leopoldo Marafiotti","Piano, Bass, 4 Bandoneons, 5 Violins"
José Basso,Orquesta José Basso,4/21/1961,Mala Junta,,Tango,Instrumental,Odeón,,"Julio De Caro, Pedro Laurenz",Juan Velich,,49-61 Odeón,José Basso,Rafael Del Bagno,"Julio Ahumada, Eduardo Rovira, Adolfo Francia, Andrés Natale","Mauricio Mise, Francisco Oréfice, Rodolfo Fernández, Domingo Serra, Leopoldo Marafiotti","Piano, Bass, 4 Bandoneons, 5 Violins"
José Basso,Orquesta José Basso,4/21/1961,Tierra Querida,,Tango,Instrumental,Odeón,,Julio De Caro,Luis Díaz,,49-61 Odeón,José Basso,Rafael Del Bagno,"Julio Ahumada, Eduardo Rovira, Adolfo Francia, Andrés Natale","Mauricio Mise, Francisco Oréfice, Rodolfo Fernández, Domingo Serra, Leopoldo Marafiotti","Piano, Bass, 4 Bandoneons, 5 Violins"
José Basso,Orquesta José Basso,4/25/1961,El Amanecer,,Tango,Instrumental,Odeón,,Roberto Firpo,,,49-61 Odeón,José Basso,Rafael Del Bagno,"Julio Ahumada, Eduardo Rovira, Adolfo Francia, Andrés Natale","Mauricio Mise, Francisco Oréfice, Rodolfo Fernández, Domingo Serra, Leopoldo Marafiotti","Piano, Bass, 4 Bandoneons, 5 Violins"
José Basso,Orquesta José Basso,4/25/1961,Yira Yira,,Tango,Instrumental,Odeón,,Enrique Discépolo,Enrique Discépolo,,49-61 Odeón,José Basso,Rafael Del Bagno,"Julio Ahumada, Eduardo Rovira, Adolfo Francia, Andrés Natale","Mauricio Mise, Francisco Oréfice, Rodolfo Fernández, Domingo Serra, Leopoldo Marafiotti","Piano, Bass, 4 Bandoneons, 5 Violins"
José Basso,Orquesta José Basso,4/28/1961,Caminito,,Tango,Instrumental,Odeón,,Juan Filiberto,Gabino Peñaloza,,49-61 Odeón,José Basso,Rafael Del Bagno,"Julio Ahumada, Eduardo Rovira, Adolfo Francia, Andrés Natale","Mauricio Mise, Francisco Oréfice, Rodolfo Fernández, Domingo Serra, Leopoldo Marafiotti","Piano, Bass, 4 Bandoneons, 5 Violins"
José Basso,Orquesta José Basso,4/28/1961,La Cumparsita,Si Supieras,Tango,Instrumental,Odeón,,Gerardo Rodríguez,"Pascual Contursi, Enrique Maroni, Gerardo Rodríguez",,49-61 Odeón,José Basso,Rafael Del Bagno,"Julio Ahumada, Eduardo Rovira, Adolfo Francia, Andrés Natale","Mauricio Mise, Francisco Oréfice, Rodolfo Fernández, Domingo Serra, Leopoldo Marafiotti","Piano, Bass, 4 Bandoneons, 5 Violins"
José Basso,Orquesta José Basso,5/5/1961,Sentimiento Gaucho,,Tango,Instrumental,Odeón,,"Francisco Canaro, Rafael Canaro",Juan Caruso,,49-61 Odeón,José Basso,Rafael Del Bagno,"Julio Ahumada, Eduardo Rovira, Adolfo Francia, Andrés Natale","Mauricio Mise, Francisco Oréfice, Rodolfo Fernández, Domingo Serra, Leopoldo Marafiotti","Piano, Bass, 4 Bandoneons, 5 Violins"
José Basso,Orquesta José Basso,5/5/1961,Una Lágrima Tuya,,Tango,Instrumental,Odeón,,Mariano Mores,Homero Manzi,,49-61 Odeón,José Basso,Rafael Del Bagno,"Julio Ahumada, Eduardo Rovira, Adolfo Francia, Andrés Natale","Mauricio Mise, Francisco Oréfice, Rodolfo Fernández, Domingo Serra, Leopoldo Marafiotti","Piano, Bass, 4 Bandoneons, 5 Violins"
José Basso,Orquesta José Basso,5/12/1961,Adiós Muchachos,,Tango,Instrumental,Odeón,,Julio Sanders,"César Vedani, Carol Raven",,49-61 Odeón,José Basso,Rafael Del Bagno,"Julio Ahumada, Eduardo Rovira, Adolfo Francia, Andrés Natale","Mauricio Mise, Francisco Oréfice, Rodolfo Fernández, Domingo Serra, Leopoldo Marafiotti","Piano, Bass, 4 Bandoneons, 5 Violins"
José Basso,Orquesta José Basso,5/12/1961,Volver,,Tango,Alfredo Del Río,Odeón,,Carlos Gardel,Alfredo Le Pera,,49-61 Odeón,José Basso,Rafael Del Bagno,"Julio Ahumada, Eduardo Rovira, Adolfo Francia, Andrés Natale","Mauricio Mise, Francisco Oréfice, Rodolfo Fernández, Domingo Serra, Leopoldo Marafiotti","Piano, Bass, 4 Bandoneons, 5 Violins"
José Basso,Orquesta José Basso,5/18/1961,Lo Han Visto Con Otra,,Tango,Floreal Ruiz,Odeón,,Horacio Pettorossi,Horacio Pettorossi,,49-61 Odeón,José Basso,Rafael Del Bagno,"Julio Ahumada, Eduardo Rovira, Adolfo Francia, Andrés Natale","Mauricio Mise, Francisco Oréfice, Rodolfo Fernández, Domingo Serra, Leopoldo Marafiotti","Piano, Bass, 4 Bandoneons, 5 Violins"
José Basso,Orquesta José Basso,5/18/1961,Uno,,Tango,Instrumental,Odeón,,Mariano Mores,Enrique Discépolo,,49-61 Odeón,José Basso,Rafael Del Bagno,"Julio Ahumada, Eduardo Rovira, Adolfo Francia, Andrés Natale","Mauricio Mise, Francisco Oréfice, Rodolfo Fernández, Domingo Serra, Leopoldo Marafiotti","Piano, Bass, 4 Bandoneons, 5 Violins"
José Basso,Orquesta José Basso,11/28/1961,Como Dos Extraños,,Tango,Floreal Ruiz,Odeón,,Pedro Laurenz,José Contursi,,49-61 Odeón,José Basso,Rafael Del Bagno,"Julio Ahumada, Eduardo Rovira, Adolfo Francia, Andrés Natale","Mauricio Mise, Francisco Oréfice, Rodolfo Fernández, Domingo Serra, Leopoldo Marafiotti","Piano, Bass, 4 Bandoneons, 5 Violins"
José Basso,Orquesta José Basso,11/28/1961,La Camalela,,Milonga,Instrumental,Odeón,,José Basso,,,49-61 Odeón,José Basso,Rafael Del Bagno,"Julio Ahumada, Eduardo Rovira, Adolfo Francia, Andrés Natale","Mauricio Mise, Francisco Oréfice, Rodolfo Fernández, Domingo Serra, Leopoldo Marafiotti","Piano, Bass, 4 Bandoneons, 5 Violins"
José Basso,Orquesta José Basso,1962,A La Luz Del Candil,A la Luz de un Candíl,Tango,Jorge Durán,Music Hall,,Carlos Flores,Julio Navarrine,,62-70 Music Hall,José Basso,Rafael Del Bagno,"Julio Ahumada, Eduardo Rovira, Adolfo Francia, Andrés Natale","Mauricio Mise, Francisco Oréfice, Rodolfo Fernández, Domingo Serra, Leopoldo Marafiotti","Piano, Bass, 4 Bandoneons, 5 Violins"
José Basso,Orquesta José Basso,1962,Atardece,,Tango,Jorge Durán,Music Hall,,Jorge Casal,Homero Moavro,,62-70 Music Hall,José Basso,Rafael Del Bagno,"Julio Ahumada, Eduardo Rovira, Adolfo Francia, Andrés Natale","Mauricio Mise, Francisco Oréfice, Rodolfo Fernández, Domingo Serra, Leopoldo Marafiotti","Piano, Bass, 4 Bandoneons, 5 Violins"
José Basso,Orquesta José Basso,1962,Desorientado,,Tango,Jorge Durán,Music Hall,,"Miguel Caló, Marvil, Oscar Rubens","Miguel Caló, Marvil, Oscar Rubens",,62-70 Music Hall,José Basso,Rafael Del Bagno,"Julio Ahumada, Eduardo Rovira, Adolfo Francia, Andrés Natale","Mauricio Mise, Francisco Oréfice, Rodolfo Fernández, Domingo Serra, Leopoldo Marafiotti","Piano, Bass, 4 Bandoneons, 5 Violins"
José Basso,Orquesta José Basso,1962,El Motivo,Pobre Paica,Tango,Floreal Ruiz,Music Hall,,Juan Cobián,Pascual Contursi,,62-70 Music Hall,José Basso,Rafael Del Bagno,"Julio Ahumada, Eduardo Rovira, Adolfo Francia, Andrés Natale","Mauricio Mise, Francisco Oréfice, Rodolfo Fernández, Domingo Serra, Leopoldo Marafiotti","Piano, Bass, 4 Bandoneons, 5 Violins"
José Basso,Orquesta José Basso,1962,Frente Al Mar,,Tango,Jorge Durán,Music Hall,,Mariano Mores,Rodolfo Taboada,,62-70 Music Hall,José Basso,Rafael Del Bagno,"Julio Ahumada, Eduardo Rovira, Adolfo Francia, Andrés Natale","Mauricio Mise, Francisco Oréfice, Rodolfo Fernández, Domingo Serra, Leopoldo Marafiotti","Piano, Bass, 4 Bandoneons, 5 Violins"
José Basso,Orquesta José Basso,1962,Mano Cruel,,Tango,Roberto Florio,Music Hall,,Carmelo Mutarelli,Armando Tagini,,62-70 Music Hall,José Basso,Rafael Del Bagno,"Julio Ahumada, Eduardo Rovira, Adolfo Francia, Andrés Natale","Mauricio Mise, Francisco Oréfice, Rodolfo Fernández, Domingo Serra, Leopoldo Marafiotti","Piano, Bass, 4 Bandoneons, 5 Violins"
José Basso,Orquesta José Basso,1962,Nonino,,Tango,Instrumental,Music Hall,,Astor Piazzolla,,,62-70 Music Hall,José Basso,Rafael Del Bagno,"Julio Ahumada, Eduardo Rovira, Adolfo Francia, Andrés Natale","Mauricio Mise, Francisco Oréfice, Rodolfo Fernández, Domingo Serra, Leopoldo Marafiotti","Piano, Bass, 4 Bandoneons, 5 Violins"
José Basso,Orquesta José Basso,1962,Orgullo Criollo,,Tango,Instrumental,Music Hall,,"Pedro Laurenz, Julio De Caro",,,62-70 Music Hall,José Basso,Rafael Del Bagno,"Julio Ahumada, Eduardo Rovira, Adolfo Francia, Andrés Natale","Mauricio Mise, Francisco Oréfice, Rodolfo Fernández, Domingo Serra, Leopoldo Marafiotti","Piano, Bass, 4 Bandoneons, 5 Violins"
José Basso,Orquesta José Basso,1962,Pelele,,Tango,Instrumental,Music Hall,,Pedro Maffía,,,62-70 Music Hall,José Basso,Rafael Del Bagno,"Julio Ahumada, Eduardo Rovira, Adolfo Francia, Andrés Natale","Mauricio Mise, Francisco Oréfice, Rodolfo Fernández, Domingo Serra, Leopoldo Marafiotti","Piano, Bass, 4 Bandoneons, 5 Violins"
José Basso,Orquesta José Basso,1962,Pobre Negro,,Milonga,Jorge Durán,Music Hall,,José Basso,Francisco Jiménez,,62-70 Music Hall,José Basso,Rafael Del Bagno,"Julio Ahumada, Eduardo Rovira, Adolfo Francia, Andrés Natale","Mauricio Mise, Francisco Oréfice, Rodolfo Fernández, Domingo Serra, Leopoldo Marafiotti","Piano, Bass, 4 Bandoneons, 5 Violins"
José Basso,Orquesta José Basso,1962,Por Qué La Quise Tanto,Porqué la Quise Tanto,Tango,Roberto Florio,Music Hall,,Mariano Mores,Rodolfo Taboada,,62-70 Music Hall,José Basso,Rafael Del Bagno,"Julio Ahumada, Eduardo Rovira, Adolfo Francia, Andrés Natale","Mauricio Mise, Francisco Oréfice, Rodolfo Fernández, Domingo Serra, Leopoldo Marafiotti","Piano, Bass, 4 Bandoneons, 5 Violins"
José Basso,Orquesta José Basso,1962,Qué Me Van A Hablar De Amor,,Tango,Floreal Ruiz,Music Hall,,Héctor Stamponi,Homero Expósito,,62-70 Music Hall,José Basso,Rafael Del Bagno,"Julio Ahumada, Eduardo Rovira, Adolfo Francia, Andrés Natale","Mauricio Mise, Francisco Oréfice, Rodolfo Fernández, Domingo Serra, Leopoldo Marafiotti","Piano, Bass, 4 Bandoneons, 5 Violins"
José Basso,Orquesta José Basso,1962,Tormenta,,Tango,Floreal Ruiz,Music Hall,,Enrique Discépolo,Enrique Discépolo,,62-70 Music Hall,José Basso,Rafael Del Bagno,"Julio Ahumada, Eduardo Rovira, Adolfo Francia, Andrés Natale","Mauricio Mise, Francisco Oréfice, Rodolfo Fernández, Domingo Serra, Leopoldo Marafiotti","Piano, Bass, 4 Bandoneons, 5 Violins"
José Basso,Orquesta José Basso,1962,Un Amor Imposible,,Tango,Roberto Florio,Music Hall,,Arturo Gallucci,Dante Gilardoni,,62-70 Music Hall,José Basso,Rafael Del Bagno,"Julio Ahumada, Eduardo Rovira, Adolfo Francia, Andrés Natale","Mauricio Mise, Francisco Oréfice, Rodolfo Fernández, Domingo Serra, Leopoldo Marafiotti","Piano, Bass, 4 Bandoneons, 5 Violins"
José Basso,Orquesta José Basso,1962,Yo También,,Tango,Floreal Ruiz,Music Hall,,Luis Visca,Luis Rubistein,,62-70 Music Hall,José Basso,Rafael Del Bagno,"Julio Ahumada, Eduardo Rovira, Adolfo Francia, Andrés Natale","Mauricio Mise, Francisco Oréfice, Rodolfo Fernández, Domingo Serra, Leopoldo Marafiotti","Piano, Bass, 4 Bandoneons, 5 Violins"
José Basso,Orquesta José Basso,1962,Yo Te Canto Novia Mía,,Tango,Floreal Ruiz y Jorge Durán,Music Hall,,José Basso,Héctor Stamponi,,62-70 Music Hall,José Basso,Rafael Del Bagno,"Julio Ahumada, Eduardo Rovira, Adolfo Francia, Andrés Natale","Mauricio Mise, Francisco Oréfice, Rodolfo Fernández, Domingo Serra, Leopoldo Marafiotti","Piano, Bass, 4 Bandoneons, 5 Violins"
José Basso,Orquesta José Basso,1963,Cuando El Amor Muere,,Tango,Floreal Ruiz,Music Hall,,Alfredo Malerba,Héctor Marcó,,62-70 Music Hall,José Basso,Rafael Del Bagno,"Julio Ahumada, Eduardo Rovira, Adolfo Francia, Andrés Natale","Mauricio Mise, Francisco Oréfice, Rodolfo Fernández, Domingo Serra, Leopoldo Marafiotti","Piano, Bass, 4 Bandoneons, 5 Violins"
José Basso,Orquesta José Basso,1963,Cómo Se Muere De Amor,,Tango,Floreal Ruiz,Music Hall,,Daniel Álvarez,Daniel Álvarez,,62-70 Music Hall,José Basso,Rafael Del Bagno,"Julio Ahumada, Eduardo Rovira, Adolfo Francia, Andrés Natale","Mauricio Mise, Francisco Oréfice, Rodolfo Fernández, Domingo Serra, Leopoldo Marafiotti","Piano, Bass, 4 Bandoneons, 5 Violins"
José Basso,Orquesta José Basso,1963,El Internado,,Tango,Instrumental,Music Hall,,Francisco Canaro,,,62-70 Music Hall,José Basso,Rafael Del Bagno,"Julio Ahumada, Eduardo Rovira, Adolfo Francia, Andrés Natale","Mauricio Mise, Francisco Oréfice, Rodolfo Fernández, Domingo Serra, Leopoldo Marafiotti","Piano, Bass, 4 Bandoneons, 5 Violins"
José Basso,Orquesta José Basso,1963,El Último Café,,Tango,Jorge Durán,Music Hall,,Héctor Stamponi,Cátulo Castillo,,62-70 Music Hall,José Basso,Rafael Del Bagno,"Julio Ahumada, Eduardo Rovira, Adolfo Francia, Andrés Natale","Mauricio Mise, Francisco Oréfice, Rodolfo Fernández, Domingo Serra, Leopoldo Marafiotti","Piano, Bass, 4 Bandoneons, 5 Violins"
José Basso,Orquesta José Basso,1963,Marioneta,,Tango,Floreal Ruiz,Music Hall,,Juan Guichandut,Armando Tagini,,62-70 Music Hall,José Basso,Rafael Del Bagno,"Julio Ahumada, Eduardo Rovira, Adolfo Francia, Andrés Natale","Mauricio Mise, Francisco Oréfice, Rodolfo Fernández, Domingo Serra, Leopoldo Marafiotti","Piano, Bass, 4 Bandoneons, 5 Violins"
José Basso,Orquesta José Basso,1963,Te Pregunto,,Tango,Floreal Ruiz,Music Hall,,Miguel Caló,Ángel Gatti,,62-70 Music Hall,José Basso,Rafael Del Bagno,"Julio Ahumada, Eduardo Rovira, Adolfo Francia, Andrés Natale","Mauricio Mise, Francisco Oréfice, Rodolfo Fernández, Domingo Serra, Leopoldo Marafiotti","Piano, Bass, 4 Bandoneons, 5 Violins"
José Basso,Orquesta José Basso,1963,Un Poco Más,,Tango,Floreal Ruiz,Music Hall,,Ángel Cabral,Reinaldo Yiso,,62-70 Music Hall,José Basso,Rafael Del Bagno,"Julio Ahumada, Eduardo Rovira, Adolfo Francia, Andrés Natale","Mauricio Mise, Francisco Oréfice, Rodolfo Fernández, Domingo Serra, Leopoldo Marafiotti","Piano, Bass, 4 Bandoneons, 5 Violins"
José Basso,Orquesta José Basso,1963,Viejo Café,,Milonga,Floreal Ruiz y Jorge Durán,Music Hall,,José Basso,Julio Porter,,62-70 Music Hall,José Basso,Rafael Del Bagno,"Julio Ahumada, Eduardo Rovira, Adolfo Francia, Andrés Natale","Mauricio Mise, Francisco Oréfice, Rodolfo Fernández, Domingo Serra, Leopoldo Marafiotti","Piano, Bass, 4 Bandoneons, 5 Violins"
José Basso,Orquesta José Basso,1964,Cafetín De Buenos Aires,,Tango,Héctor De Rosas,Music Hall,,"Mariano Mores, Enrique Discépolo","Mariano Mores, Enrique Discépolo",,62-70 Music Hall,José Basso,Rafael Del Bagno,"Julio Ahumada, Eduardo Rovira, Adolfo Francia, Andrés Natale","Mauricio Mise, Francisco Oréfice, Rodolfo Fernández, Domingo Serra, Leopoldo Marafiotti","Piano, Bass, 4 Bandoneons, 5 Violins"
José Basso,Orquesta José Basso,1964,Canción de Ave María,,Tango,Héctor De Rosas,Music Hall,,Héctor Stamponi,Cátulo Castillo,,62-70 Music Hall,José Basso,Rafael Del Bagno,"Julio Ahumada, Eduardo Rovira, Adolfo Francia, Andrés Natale","Mauricio Mise, Francisco Oréfice, Rodolfo Fernández, Domingo Serra, Leopoldo Marafiotti","Piano, Bass, 4 Bandoneons, 5 Violins"
José Basso,Orquesta José Basso,1964,De Diez Siete,,Tango,Instrumental,Music Hall,,José Basso,,,62-70 Music Hall,José Basso,Rafael Del Bagno,"Julio Ahumada, Eduardo Rovira, Adolfo Francia, Andrés Natale","Mauricio Mise, Francisco Oréfice, Rodolfo Fernández, Domingo Serra, Leopoldo Marafiotti","Piano, Bass, 4 Bandoneons, 5 Violins"
José Basso,Orquesta José Basso,1964,Decime Dios Dónde Estás,Decime Dios Dónde Estás,Tango,Alfredo Belusi,Music Hall,,Manuel Sucher,Tita Merello,,62-70 Music Hall,José Basso,Rafael Del Bagno,"Julio Ahumada, Eduardo Rovira, Adolfo Francia, Andrés Natale","Mauricio Mise, Francisco Oréfice, Rodolfo Fernández, Domingo Serra, Leopoldo Marafiotti","Piano, Bass, 4 Bandoneons, 5 Violins"
José Basso,Orquesta José Basso,1964,Estaba Bien Seguro,,Tango,Alfredo Belusi,Music Hall,,José Basso,Abel Aznar,,62-70 Music Hall,José Basso,Rafael Del Bagno,"Julio Ahumada, Eduardo Rovira, Adolfo Francia, Andrés Natale","Mauricio Mise, Francisco Oréfice, Rodolfo Fernández, Domingo Serra, Leopoldo Marafiotti","Piano, Bass, 4 Bandoneons, 5 Violins"
José Basso,Orquesta José Basso,1964,Inspiración,Inspiración,Tango,Instrumental,Music Hall,,Peregrino Paulos,Luis Rubistein,,62-70 Music Hall,José Basso,Rafael Del Bagno,"Julio Ahumada, Eduardo Rovira, Adolfo Francia, Andrés Natale","Mauricio Mise, Francisco Oréfice, Rodolfo Fernández, Domingo Serra, Leopoldo Marafiotti","Piano, Bass, 4 Bandoneons, 5 Violins"
José Basso,Orquesta José Basso,1964,La Vi Llegar,,Tango,Héctor De Rosas,Music Hall,,Enrique Francini,Julián Centeya,,62-70 Music Hall,José Basso,Rafael Del Bagno,"Julio Ahumada, Eduardo Rovira, Adolfo Francia, Andrés Natale","Mauricio Mise, Francisco Oréfice, Rodolfo Fernández, Domingo Serra, Leopoldo Marafiotti","Piano, Bass, 4 Bandoneons, 5 Violins"
José Basso,Orquesta José Basso,1964,Lo Que Vos Te Merecés,,Tango,Alfredo Belusi,Music Hall,,Carlos Olmedo,Abel Aznar,,62-70 Music Hall,José Basso,Rafael Del Bagno,"Julio Ahumada, Eduardo Rovira, Adolfo Francia, Andrés Natale","Mauricio Mise, Francisco Oréfice, Rodolfo Fernández, Domingo Serra, Leopoldo Marafiotti","Piano, Bass, 4 Bandoneons, 5 Violins"
José Basso,Orquesta José Basso,1964,Mal De Amores,,Tango,Instrumental,Music Hall,,Pedro Laurenz,,,62-70 Music Hall,José Basso,Rafael Del Bagno,"Julio Ahumada, Eduardo Rovira, Adolfo Francia, Andrés Natale","Mauricio Mise, Francisco Oréfice, Rodolfo Fernández, Domingo Serra, Leopoldo Marafiotti","Piano, Bass, 4 Bandoneons, 5 Violins"
José Basso,Orquesta José Basso,1964,Rosa De Fuego,,Tango,Héctor De Rosas,Music Hall,,Manuel Jovés,Antonio Viérgol,,62-70 Music Hall,José Basso,Rafael Del Bagno,"Julio Ahumada, Eduardo Rovira, Adolfo Francia, Andrés Natale","Mauricio Mise, Francisco Oréfice, Rodolfo Fernández, Domingo Serra, Leopoldo Marafiotti","Piano, Bass, 4 Bandoneons, 5 Violins"
José Basso,Orquesta José Basso,1964,Siempre en Mi Amor,,Tango,Alfreedo Belusi y Héctor De Rosas,Music Hall,,José Basso,Eugenio Majúl,,62-70 Music Hall,José Basso,Rafael Del Bagno,"Julio Ahumada, Eduardo Rovira, Adolfo Francia, Andrés Natale","Mauricio Mise, Francisco Oréfice, Rodolfo Fernández, Domingo Serra, Leopoldo Marafiotti","Piano, Bass, 4 Bandoneons, 5 Violins"
José Basso,Orquesta José Basso,1964,Total Pa' Qué Sirvo,,Tango,Alfredo Belusi,Music Hall,,Aníbal Troilo,Enrique Dizeo,,62-70 Music Hall,José Basso,Rafael Del Bagno,"Julio Ahumada, Eduardo Rovira, Adolfo Francia, Andrés Natale","Mauricio Mise, Francisco Oréfice, Rodolfo Fernández, Domingo Serra, Leopoldo Marafiotti","Piano, Bass, 4 Bandoneons, 5 Violins"
José Basso,Orquesta José Basso,1965,Andate,No Te Vayas,Tango,Héctor De Rosas,Music Hall,,Rodolfo Sciammarella,Roberto Fontaina,,62-70 Music Hall,José Basso,Rafael Del Bagno,"Julio Ahumada, Eduardo Rovira, Adolfo Francia, Andrés Natale","Mauricio Mise, Francisco Oréfice, Rodolfo Fernández, Domingo Serra, Leopoldo Marafiotti","Piano, Bass, 4 Bandoneons, 5 Violins"
José Basso,Orquesta José Basso,1965,Aquí Nomás,,Tango,Alfredo Belusi,Music Hall,,Héctor Stamponi,Cátulo Castillo,,62-70 Music Hall,José Basso,Rafael Del Bagno,"Julio Ahumada, Eduardo Rovira, Adolfo Francia, Andrés Natale","Mauricio Mise, Francisco Oréfice, Rodolfo Fernández, Domingo Serra, Leopoldo Marafiotti","Piano, Bass, 4 Bandoneons, 5 Violins"
José Basso,Orquesta José Basso,1965,Atrévete,,Tango,Héctor De Rosas,Music Hall,,José Basso,Luciano Bottini,,62-70 Music Hall,José Basso,Rafael Del Bagno,"Julio Ahumada, Eduardo Rovira, Adolfo Francia, Andrés Natale","Mauricio Mise, Francisco Oréfice, Rodolfo Fernández, Domingo Serra, Leopoldo Marafiotti","Piano, Bass, 4 Bandoneons, 5 Violins"
José Basso,Orquesta José Basso,1965,El Cencerro,,Tango,Instrumental,Music Hall,,José Martínez,Francisco Lío,,62-70 Music Hall,José Basso,Rafael Del Bagno,"Julio Ahumada, Eduardo Rovira, Adolfo Francia, Andrés Natale","Mauricio Mise, Francisco Oréfice, Rodolfo Fernández, Domingo Serra, Leopoldo Marafiotti","Piano, Bass, 4 Bandoneons, 5 Violins"
José Basso,Orquesta José Basso,1965,Guardia Vieja,,Tango,Instrumental,Music Hall,,Julio De Caro,José De Grandis,,62-70 Music Hall,José Basso,Rafael Del Bagno,"Julio Ahumada, Eduardo Rovira, Adolfo Francia, Andrés Natale","Mauricio Mise, Francisco Oréfice, Rodolfo Fernández, Domingo Serra, Leopoldo Marafiotti","Piano, Bass, 4 Bandoneons, 5 Violins"
José Basso,Orquesta José Basso,1965,La Camalela,,Milonga,Instrumental,Music Hall,,José Basso,,,62-70 Music Hall,José Basso,Rafael Del Bagno,"Julio Ahumada, Eduardo Rovira, Adolfo Francia, Andrés Natale","Mauricio Mise, Francisco Oréfice, Rodolfo Fernández, Domingo Serra, Leopoldo Marafiotti","Piano, Bass, 4 Bandoneons, 5 Violins"
José Basso,Orquesta José Basso,1965,La Llave de Tu Alcoba,,Tango,Héctor De Rosas,Music Hall,,Ángel Cabral,Elizardo Vilas,,62-70 Music Hall,José Basso,Rafael Del Bagno,"Julio Ahumada, Eduardo Rovira, Adolfo Francia, Andrés Natale","Mauricio Mise, Francisco Oréfice, Rodolfo Fernández, Domingo Serra, Leopoldo Marafiotti","Piano, Bass, 4 Bandoneons, 5 Violins"
José Basso,Orquesta José Basso,1965,Me Quedé Mirándola,,Tango,Alfredo Belusi,Music Hall,,Vicente Spina,Roberto Miró,,62-70 Music Hall,José Basso,Rafael Del Bagno,"Julio Ahumada, Eduardo Rovira, Adolfo Francia, Andrés Natale","Mauricio Mise, Francisco Oréfice, Rodolfo Fernández, Domingo Serra, Leopoldo Marafiotti","Piano, Bass, 4 Bandoneons, 5 Violins"
José Basso,Orquesta José Basso,1965,Milonga Para los Orientales,Milonga de los Morenos,Milonga,Alfredo Belusi,Music Hall,,José Basso,Jorge Borges,,62-70 Music Hall,José Basso,Rafael Del Bagno,"Julio Ahumada, Eduardo Rovira, Adolfo Francia, Andrés Natale","Mauricio Mise, Francisco Oréfice, Rodolfo Fernández, Domingo Serra, Leopoldo Marafiotti","Piano, Bass, 4 Bandoneons, 5 Violins"
José Basso,Orquesta José Basso,1965,Nuestra Ronda,,Tango,Alfredo Belusi,Music Hall,,Alberto Aguirre,Alberto Aguirre,,62-70 Music Hall,José Basso,Rafael Del Bagno,"Julio Ahumada, Eduardo Rovira, Adolfo Francia, Andrés Natale","Mauricio Mise, Francisco Oréfice, Rodolfo Fernández, Domingo Serra, Leopoldo Marafiotti","Piano, Bass, 4 Bandoneons, 5 Violins"
José Basso,Orquesta José Basso,1965,Tarareando,,Tango,Alfredo Belusi,Music Hall,,Juan Guichandut,Oscar Rubens,,62-70 Music Hall,José Basso,Rafael Del Bagno,"Julio Ahumada, Eduardo Rovira, Adolfo Francia, Andrés Natale","Mauricio Mise, Francisco Oréfice, Rodolfo Fernández, Domingo Serra, Leopoldo Marafiotti","Piano, Bass, 4 Bandoneons, 5 Violins"
José Basso,Orquesta José Basso,1966,Andate,No Te Vayas,Tango,Héctor De Rosas,Music Hall,,Rodolfo Sciammarella,Roberto Fontaina,,62-70 Music Hall,José Basso,Rafael Del Bagno,"Julio Ahumada, Eduardo Rovira, Adolfo Francia, Andrés Natale","Mauricio Mise, Francisco Oréfice, Rodolfo Fernández, Domingo Serra, Leopoldo Marafiotti","Piano, Bass, 4 Bandoneons, 5 Violins"
José Basso,Orquesta José Basso,1966,Bailate Un Tango Ricardo,,Tango,Alfredo Belusi,Music Hall,,Juan D'Arienzo,Ulises De Murat,,62-70 Music Hall,José Basso,Rafael Del Bagno,"Julio Ahumada, Eduardo Rovira, Adolfo Francia, Andrés Natale","Mauricio Mise, Francisco Oréfice, Rodolfo Fernández, Domingo Serra, Leopoldo Marafiotti","Piano, Bass, 4 Bandoneons, 5 Violins"
José Basso,Orquesta José Basso,1966,Barranca Abajo,Pialando Recuerdos,Tango,Instrumental,Music Hall,,Agustín Bardi,,,62-70 Music Hall,José Basso,Rafael Del Bagno,"Julio Ahumada, Eduardo Rovira, Adolfo Francia, Andrés Natale","Mauricio Mise, Francisco Oréfice, Rodolfo Fernández, Domingo Serra, Leopoldo Marafiotti","Piano, Bass, 4 Bandoneons, 5 Violins"
José Basso,Orquesta José Basso,1966,Cada Vez Que Me Recuerdes,,Tango,Héctor De Rosas,Music Hall,,Mariano Mores,José Contursi,,62-70 Music Hall,José Basso,Rafael Del Bagno,"Julio Ahumada, Eduardo Rovira, Adolfo Francia, Andrés Natale","Mauricio Mise, Francisco Oréfice, Rodolfo Fernández, Domingo Serra, Leopoldo Marafiotti","Piano, Bass, 4 Bandoneons, 5 Violins"
José Basso,Orquesta José Basso,1966,Don Agustín Bardi,A Don Agustín Bardi,Tango,Instrumental,Music Hall,,Horacio Salgán,,,62-70 Music Hall,José Basso,Rafael Del Bagno,"Julio Ahumada, Eduardo Rovira, Adolfo Francia, Andrés Natale","Mauricio Mise, Francisco Oréfice, Rodolfo Fernández, Domingo Serra, Leopoldo Marafiotti","Piano, Bass, 4 Bandoneons, 5 Violins"
José Basso,Orquesta José Basso,1966,El Cencerro,,Tango,Instrumental,Music Hall,,José Martínez,Francisco Lío,,62-70 Music Hall,José Basso,Rafael Del Bagno,"Julio Ahumada, Eduardo Rovira, Adolfo Francia, Andrés Natale","Mauricio Mise, Francisco Oréfice, Rodolfo Fernández, Domingo Serra, Leopoldo Marafiotti","Piano, Bass, 4 Bandoneons, 5 Violins"
José Basso,Orquesta José Basso,1966,El Vuelo Ciento Dos,El Vuelo 102,Tango,Héctor De Rosas,Music Hall,,Alberto Harari,Juan Tiggi,,62-70 Music Hall,José Basso,Rafael Del Bagno,"Julio Ahumada, Eduardo Rovira, Adolfo Francia, Andrés Natale","Mauricio Mise, Francisco Oréfice, Rodolfo Fernández, Domingo Serra, Leopoldo Marafiotti","Piano, Bass, 4 Bandoneons, 5 Violins"
José Basso,Orquesta José Basso,1966,En Carne Viva,,Tango,Alfredo Belusi,Music Hall,,Cholo Aguirre,Cholo Aguirre,,62-70 Music Hall,José Basso,Rafael Del Bagno,"Julio Ahumada, Eduardo Rovira, Adolfo Francia, Andrés Natale","Mauricio Mise, Francisco Oréfice, Rodolfo Fernández, Domingo Serra, Leopoldo Marafiotti","Piano, Bass, 4 Bandoneons, 5 Violins"
José Basso,Orquesta José Basso,1966,En Qué Esquina Te Encuentro Buenos Aires,,Tango,Alfredo Belusi,Music Hall,,Héctor Stamponi,Florencio Escardó,,62-70 Music Hall,José Basso,Rafael Del Bagno,"Julio Ahumada, Eduardo Rovira, Adolfo Francia, Andrés Natale","Mauricio Mise, Francisco Oréfice, Rodolfo Fernández, Domingo Serra, Leopoldo Marafiotti","Piano, Bass, 4 Bandoneons, 5 Violins"
José Basso,Orquesta José Basso,1966,Mientras Tú No Llegas,,Tango,Carlos Rossi,Music Hall,,Manuel Sucher,Carlos Bahr,,62-70 Music Hall,José Basso,Rafael Del Bagno,"Julio Ahumada, Eduardo Rovira, Adolfo Francia, Andrés Natale","Mauricio Mise, Francisco Oréfice, Rodolfo Fernández, Domingo Serra, Leopoldo Marafiotti","Piano, Bass, 4 Bandoneons, 5 Violins"
José Basso,Orquesta José Basso,1966,Milonga Con Variación,Milonga Con Variaciones,Tango,Instrumental,Music Hall,,Francisco Canaro,,,62-70 Music Hall,José Basso,Rafael Del Bagno,"Julio Ahumada, Eduardo Rovira, Adolfo Francia, Andrés Natale","Mauricio Mise, Francisco Oréfice, Rodolfo Fernández, Domingo Serra, Leopoldo Marafiotti","Piano, Bass, 4 Bandoneons, 5 Violins"
José Basso,Orquesta José Basso,1966,Rondando Tu Esquina,,Tango,Alfredo Belusi,Music Hall,,Charlo,Enrique Cadícamo,,62-70 Music Hall,José Basso,Rafael Del Bagno,"Julio Ahumada, Eduardo Rovira, Adolfo Francia, Andrés Natale","Mauricio Mise, Francisco Oréfice, Rodolfo Fernández, Domingo Serra, Leopoldo Marafiotti","Piano, Bass, 4 Bandoneons, 5 Violins"
José Basso,Orquesta José Basso,1966,Su Nombre Era Margot,,Tango,Alfredo Belusi,Music Hall,,Ángel Cabral,Ángel Cabral,,62-70 Music Hall,José Basso,Rafael Del Bagno,"Julio Ahumada, Eduardo Rovira, Adolfo Francia, Andrés Natale","Mauricio Mise, Francisco Oréfice, Rodolfo Fernández, Domingo Serra, Leopoldo Marafiotti","Piano, Bass, 4 Bandoneons, 5 Violins"
José Basso,Orquesta José Basso,1966,Un Sueño y Nada Más,,Tango,Héctor De Rosas,Music Hall,,Charlo,Charlo,,62-70 Music Hall,José Basso,Rafael Del Bagno,"Julio Ahumada, Eduardo Rovira, Adolfo Francia, Andrés Natale","Mauricio Mise, Francisco Oréfice, Rodolfo Fernández, Domingo Serra, Leopoldo Marafiotti","Piano, Bass, 4 Bandoneons, 5 Violins"
José Basso,Orquesta José Basso,1966,Una Fija,Glorias de Ayer,Milonga,Instrumental,Music Hall,,Ángel Villoldo,"Antonio Polito, Carlos Pesce",,62-70 Music Hall,José Basso,Rafael Del Bagno,"Julio Ahumada, Eduardo Rovira, Adolfo Francia, Andrés Natale","Mauricio Mise, Francisco Oréfice, Rodolfo Fernández, Domingo Serra, Leopoldo Marafiotti","Piano, Bass, 4 Bandoneons, 5 Violins"
José Basso,Orquesta José Basso,1967,A Bailar,,Tango,Alfredo Belusi,Music Hall,,Domingo Federico,Homero Expósito,,62-70 Music Hall,José Basso,Rafael Del Bagno,"Julio Ahumada, Eduardo Rovira, Adolfo Francia, Andrés Natale","Mauricio Mise, Francisco Oréfice, Rodolfo Fernández, Domingo Serra, Leopoldo Marafiotti","Piano, Bass, 4 Bandoneons, 5 Violins"
José Basso,Orquesta José Basso,1967,A Mis Pagos Voy,,Tango,Alfredo Belusi y Carlos Rossi,Music Hall,,Luis Savastano,Eduardo Pedrotta,,62-70 Music Hall,José Basso,Rafael Del Bagno,"Julio Ahumada, Eduardo Rovira, Adolfo Francia, Andrés Natale","Mauricio Mise, Francisco Oréfice, Rodolfo Fernández, Domingo Serra, Leopoldo Marafiotti","Piano, Bass, 4 Bandoneons, 5 Violins"
José Basso,Orquesta José Basso,1967,Amor Y Tango,,Tango,Alfredo Belusi,Music Hall,,José Basso,Carlos Bahr,,62-70 Music Hall,José Basso,Rafael Del Bagno,"Julio Ahumada, Eduardo Rovira, Adolfo Francia, Andrés Natale","Mauricio Mise, Francisco Oréfice, Rodolfo Fernández, Domingo Serra, Leopoldo Marafiotti","Piano, Bass, 4 Bandoneons, 5 Violins"
José Basso,Orquesta José Basso,1967,Besos Brujos,,Tango,Carlos Rossi,Music Hall,,Alfredo Malerba,Rodolfo Sciammarella,,62-70 Music Hall,José Basso,Rafael Del Bagno,"Julio Ahumada, Eduardo Rovira, Adolfo Francia, Andrés Natale","Mauricio Mise, Francisco Oréfice, Rodolfo Fernández, Domingo Serra, Leopoldo Marafiotti","Piano, Bass, 4 Bandoneons, 5 Violins"
José Basso,Orquesta José Basso,1967,Celeste Lluvia,,Vals,Instrumental,Music Hall,,José Basso,,,62-70 Music Hall,José Basso,Rafael Del Bagno,"Julio Ahumada, Eduardo Rovira, Adolfo Francia, Andrés Natale","Mauricio Mise, Francisco Oréfice, Rodolfo Fernández, Domingo Serra, Leopoldo Marafiotti","Piano, Bass, 4 Bandoneons, 5 Violins"
José Basso,Orquesta José Basso,1967,Copa de Ajenjo,,Tango,Alfredo Belusi,Music Hall,,Juan Canaro,Carlos Pesce,,62-70 Music Hall,José Basso,Rafael Del Bagno,"Julio Ahumada, Eduardo Rovira, Adolfo Francia, Andrés Natale","Mauricio Mise, Francisco Oréfice, Rodolfo Fernández, Domingo Serra, Leopoldo Marafiotti","Piano, Bass, 4 Bandoneons, 5 Violins"
José Basso,Orquesta José Basso,1967,Corazón No Le Hagas Caso,,Tango,Carlos Rossi,Music Hall,,Armando Pontier,Carlos Bahr,,62-70 Music Hall,José Basso,Rafael Del Bagno,"Julio Ahumada, Eduardo Rovira, Adolfo Francia, Andrés Natale","Mauricio Mise, Francisco Oréfice, Rodolfo Fernández, Domingo Serra, Leopoldo Marafiotti","Piano, Bass, 4 Bandoneons, 5 Violins"
José Basso,Orquesta José Basso,1967,El Circuja,,Tango,Alfredo Belusi,Music Hall,,Ernesto De La Cruz,Francisco Marino,,62-70 Music Hall,José Basso,Rafael Del Bagno,"Julio Ahumada, Eduardo Rovira, Adolfo Francia, Andrés Natale","Mauricio Mise, Francisco Oréfice, Rodolfo Fernández, Domingo Serra, Leopoldo Marafiotti","Piano, Bass, 4 Bandoneons, 5 Violins"
José Basso,Orquesta José Basso,1967,El Ciruja,,Tango,Alfredo Belusi,Music Hall,,Ernesto De La Cruz,Francisco Marino,,62-70 Music Hall,José Basso,Rafael Del Bagno,"Julio Ahumada, Eduardo Rovira, Adolfo Francia, Andrés Natale","Mauricio Mise, Francisco Oréfice, Rodolfo Fernández, Domingo Serra, Leopoldo Marafiotti","Piano, Bass, 4 Bandoneons, 5 Violins"
José Basso,Orquesta José Basso,1967,El Pulga,,Tango,Instrumental,Music Hall,,José Basso,,,62-70 Music Hall,José Basso,Rafael Del Bagno,"Julio Ahumada, Eduardo Rovira, Adolfo Francia, Andrés Natale","Mauricio Mise, Francisco Oréfice, Rodolfo Fernández, Domingo Serra, Leopoldo Marafiotti","Piano, Bass, 4 Bandoneons, 5 Violins"
José Basso,Orquesta José Basso,1967,En Carne Viva,,Tango,Alfredo Belusi,Music Hall,,Cholo Aguirre,Cholo Aguirre,,62-70 Music Hall,José Basso,Rafael Del Bagno,"Julio Ahumada, Eduardo Rovira, Adolfo Francia, Andrés Natale","Mauricio Mise, Francisco Oréfice, Rodolfo Fernández, Domingo Serra, Leopoldo Marafiotti","Piano, Bass, 4 Bandoneons, 5 Violins"
José Basso,Orquesta José Basso,1967,Farol,,Tango,Alfredo Belusi,Music Hall,,Virgilio Expósito,Homero Expósito,,62-70 Music Hall,José Basso,Rafael Del Bagno,"Julio Ahumada, Eduardo Rovira, Adolfo Francia, Andrés Natale","Mauricio Mise, Francisco Oréfice, Rodolfo Fernández, Domingo Serra, Leopoldo Marafiotti","Piano, Bass, 4 Bandoneons, 5 Violins"
José Basso,Orquesta José Basso,1967,Jamás Lo Vas A Saber,,Tango,Alfredo Belusi,Music Hall,,Manuel Sucher,Abel Aznar,,62-70 Music Hall,José Basso,Rafael Del Bagno,"Julio Ahumada, Eduardo Rovira, Adolfo Francia, Andrés Natale","Mauricio Mise, Francisco Oréfice, Rodolfo Fernández, Domingo Serra, Leopoldo Marafiotti","Piano, Bass, 4 Bandoneons, 5 Violins"
José Basso,Orquesta José Basso,1967,La Vieja Serenata,,Vals,Alfredo Belusi,Music Hall,,Teófilo Ibáñez,Sandalio Gómez,,62-70 Music Hall,José Basso,Rafael Del Bagno,"Julio Ahumada, Eduardo Rovira, Adolfo Francia, Andrés Natale","Mauricio Mise, Francisco Oréfice, Rodolfo Fernández, Domingo Serra, Leopoldo Marafiotti","Piano, Bass, 4 Bandoneons, 5 Violins"
José Basso,Orquesta José Basso,1967,Madreselva,,Tango,Carlos Rossi,Music Hall,,Francisco Canaro,Luis Amadori,,62-70 Music Hall,José Basso,Rafael Del Bagno,"Julio Ahumada, Eduardo Rovira, Adolfo Francia, Andrés Natale","Mauricio Mise, Francisco Oréfice, Rodolfo Fernández, Domingo Serra, Leopoldo Marafiotti","Piano, Bass, 4 Bandoneons, 5 Violins"
José Basso,Orquesta José Basso,1967,Me Están Sobrando Las Penas,,Tango,Carlos Rossi,Music Hall,,"José Basso, Argentino Galván",Carlos Bahr,,62-70 Music Hall,José Basso,Rafael Del Bagno,"Julio Ahumada, Eduardo Rovira, Adolfo Francia, Andrés Natale","Mauricio Mise, Francisco Oréfice, Rodolfo Fernández, Domingo Serra, Leopoldo Marafiotti","Piano, Bass, 4 Bandoneons, 5 Violins"
José Basso,Orquesta José Basso,1967,Pedacito De Cielo,,Vals,Carlos Rossi,Music Hall,,"Enrique Francini, Héctor Stamponi",Homero Expósito,,62-70 Music Hall,José Basso,Rafael Del Bagno,"Julio Ahumada, Eduardo Rovira, Adolfo Francia, Andrés Natale","Mauricio Mise, Francisco Oréfice, Rodolfo Fernández, Domingo Serra, Leopoldo Marafiotti","Piano, Bass, 4 Bandoneons, 5 Violins"
José Basso,Orquesta José Basso,1967,Precio,,Tango,Carlos Rossi,Music Hall,,Manuel Sucher,Carlos Bahr,,62-70 Music Hall,José Basso,Rafael Del Bagno,"Julio Ahumada, Eduardo Rovira, Adolfo Francia, Andrés Natale","Mauricio Mise, Francisco Oréfice, Rodolfo Fernández, Domingo Serra, Leopoldo Marafiotti","Piano, Bass, 4 Bandoneons, 5 Violins"
José Basso,Orquesta José Basso,1967,Qué Habrá Sido de Lucía,,Tango,Carlos Rossi,Music Hall,,Emilio Balcarce,Leopoldo Vélez,,62-70 Music Hall,José Basso,Rafael Del Bagno,"Julio Ahumada, Eduardo Rovira, Adolfo Francia, Andrés Natale","Mauricio Mise, Francisco Oréfice, Rodolfo Fernández, Domingo Serra, Leopoldo Marafiotti","Piano, Bass, 4 Bandoneons, 5 Violins"
José Basso,Orquesta José Basso,1967,Rosicler,,Tango,Carlos Rossi,Music Hall,,José Basso,Francisco Jiménez,,62-70 Music Hall,José Basso,Rafael Del Bagno,"Julio Ahumada, Eduardo Rovira, Adolfo Francia, Andrés Natale","Mauricio Mise, Francisco Oréfice, Rodolfo Fernández, Domingo Serra, Leopoldo Marafiotti","Piano, Bass, 4 Bandoneons, 5 Violins"
José Basso,Orquesta José Basso y Roberto Grela,1967,Se Tiran Conmigo,,Tango,Alfredo Belusi,Music Hall,,"José Díaz, Luis Díaz",Luis Díaz,,62-70 Music Hall,José Basso,Rafael Del Bagno,"Julio Ahumada, Eduardo Rovira, Adolfo Francia, Andrés Natale","Mauricio Mise, Francisco Oréfice, Rodolfo Fernández, Domingo Serra, Leopoldo Marafiotti, Roberto Grela (Guitar)","Piano, Bass, 4 Bandoneons, 5 Violins, Guitar"
José Basso,Orquesta José Basso,1967,Tango Y Copas,Otro Tango | Tangos y Copas,Tango,Alfredo Belusi,Music Hall,,Héctor Artola,Carlos Bahr,,62-70 Music Hall,José Basso,Rafael Del Bagno,"Julio Ahumada, Eduardo Rovira, Adolfo Francia, Andrés Natale","Mauricio Mise, Francisco Oréfice, Rodolfo Fernández, Domingo Serra, Leopoldo Marafiotti","Piano, Bass, 4 Bandoneons, 5 Violins"
José Basso,Orquesta José Basso,1967,Un Tango Para la Falda,,Tango,Carlos Rossi,Music Hall,,José Basso,Juan Mareco,,62-70 Music Hall,José Basso,Rafael Del Bagno,"Julio Ahumada, Eduardo Rovira, Adolfo Francia, Andrés Natale","Mauricio Mise, Francisco Oréfice, Rodolfo Fernández, Domingo Serra, Leopoldo Marafiotti","Piano, Bass, 4 Bandoneons, 5 Violins"
José Basso,Orquesta José Basso,1967,Vida Perra,,Tango,Alfredo Belusi,Music Hall,,Rodolfo Sciammarella,Luis Rubistein,,62-70 Music Hall,José Basso,Rafael Del Bagno,"Julio Ahumada, Eduardo Rovira, Adolfo Francia, Andrés Natale","Mauricio Mise, Francisco Oréfice, Rodolfo Fernández, Domingo Serra, Leopoldo Marafiotti","Piano, Bass, 4 Bandoneons, 5 Violins"
José Basso,Orquesta José Basso,1968,Dame Tiempo,,Tango,Luis Correa,Music Hall,,"Cristóbal Ramos, Alberto Podestá",Francisco Yoni,,62-70 Music Hall,José Basso,Rafael Del Bagno,"Julio Ahumada, Eduardo Rovira, Adolfo Francia, Andrés Natale","Mauricio Mise, Francisco Oréfice, Rodolfo Fernández, Domingo Serra, Leopoldo Marafiotti","Piano, Bass, 4 Bandoneons, 5 Violins"
José Basso,Orquesta José Basso,1968,Dónde Estás Japonesita,,Tango,Juan Carlos Godoy y Luis Correa,Music Hall,,José Basso,Norbeto Aroldi,,62-70 Music Hall,José Basso,Rafael Del Bagno,"Julio Ahumada, Eduardo Rovira, Adolfo Francia, Andrés Natale","Mauricio Mise, Francisco Oréfice, Rodolfo Fernández, Domingo Serra, Leopoldo Marafiotti","Piano, Bass, 4 Bandoneons, 5 Violins"
José Basso,Orquesta José Basso,1968,La Mariposa,gorjeos,Tango,Juan Carlos Godoy,Music Hall,,Pedro Maffía,Celedonio Flores,,62-70 Music Hall,José Basso,Rafael Del Bagno,"Julio Ahumada, Eduardo Rovira, Adolfo Francia, Andrés Natale","Mauricio Mise, Francisco Oréfice, Rodolfo Fernández, Domingo Serra, Leopoldo Marafiotti","Piano, Bass, 4 Bandoneons, 5 Violins"
José Basso,Orquesta José Basso,1968,Melenita De Oro,,Tango,Juan Carlos Godoy,Music Hall,,Carlos Flores,Samuel Linnig,,62-70 Music Hall,José Basso,Rafael Del Bagno,"Julio Ahumada, Eduardo Rovira, Adolfo Francia, Andrés Natale","Mauricio Mise, Francisco Oréfice, Rodolfo Fernández, Domingo Serra, Leopoldo Marafiotti","Piano, Bass, 4 Bandoneons, 5 Violins"
José Basso,Orquesta José Basso,1968,Mi Luna,,Tango,Juan Carlos Godoy,Music Hall,,Carlos Olmedo,Lito Bayardo,,62-70 Music Hall,José Basso,Rafael Del Bagno,"Julio Ahumada, Eduardo Rovira, Adolfo Francia, Andrés Natale","Mauricio Mise, Francisco Oréfice, Rodolfo Fernández, Domingo Serra, Leopoldo Marafiotti","Piano, Bass, 4 Bandoneons, 5 Violins"
José Basso,Orquesta José Basso,1968,Mientras Tú No Llegas,,Tango,Carlos Rossi,Music Hall,,Manuel Sucher,Carlos Bahr,,62-70 Music Hall,José Basso,Rafael Del Bagno,"Julio Ahumada, Eduardo Rovira, Adolfo Francia, Andrés Natale","Mauricio Mise, Francisco Oréfice, Rodolfo Fernández, Domingo Serra, Leopoldo Marafiotti","Piano, Bass, 4 Bandoneons, 5 Violins"
José Basso,Orquesta José Basso,1968,Milonga del Siglo Xv,Milonga del Siglo Quince,Milonga,Luis Correa,Music Hall,,José Basso,,,62-70 Music Hall,José Basso,Rafael Del Bagno,"Julio Ahumada, Eduardo Rovira, Adolfo Francia, Andrés Natale","Mauricio Mise, Francisco Oréfice, Rodolfo Fernández, Domingo Serra, Leopoldo Marafiotti","Piano, Bass, 4 Bandoneons, 5 Violins"
José Basso,Orquesta José Basso,1968,Necesito Olvidar,,Tango,Juan Carlos Godoy,Music Hall,,Rodolfo Sciammarella,Manuel Romero,,62-70 Music Hall,José Basso,Rafael Del Bagno,"Julio Ahumada, Eduardo Rovira, Adolfo Francia, Andrés Natale","Mauricio Mise, Francisco Oréfice, Rodolfo Fernández, Domingo Serra, Leopoldo Marafiotti","Piano, Bass, 4 Bandoneons, 5 Violins"
José Basso,Orquesta José Basso,1968,Por Vos Filosofía,Para Vos Filosofía,Tango,Luis Correa,Music Hall,,Riel,Abel Aznar,,62-70 Music Hall,José Basso,Rafael Del Bagno,"Julio Ahumada, Eduardo Rovira, Adolfo Francia, Andrés Natale","Mauricio Mise, Francisco Oréfice, Rodolfo Fernández, Domingo Serra, Leopoldo Marafiotti","Piano, Bass, 4 Bandoneons, 5 Violins"
José Basso,Orquesta José Basso,1968,Soledad La De Barracas,,Tango,Luis Correa,Music Hall,,Roberto Garza,Carlos Bahr,,62-70 Music Hall,José Basso,Rafael Del Bagno,"Julio Ahumada, Eduardo Rovira, Adolfo Francia, Andrés Natale","Mauricio Mise, Francisco Oréfice, Rodolfo Fernández, Domingo Serra, Leopoldo Marafiotti","Piano, Bass, 4 Bandoneons, 5 Violins"
José Basso,Orquesta José Basso,1968,Su Nombre Era Margot,,Tango,Alfredo Belusi,Music Hall,,Ángel Cabral,Ángel Cabral,,62-70 Music Hall,José Basso,Rafael Del Bagno,"Julio Ahumada, Eduardo Rovira, Adolfo Francia, Andrés Natale","Mauricio Mise, Francisco Oréfice, Rodolfo Fernández, Domingo Serra, Leopoldo Marafiotti","Piano, Bass, 4 Bandoneons, 5 Violins"
José Basso,Orquesta José Basso,1968,Una Piba Como Vos,,Tango,Luis Correa,Music Hall,,Edgardo Truffa,Dante Gilardoni,,62-70 Music Hall,José Basso,Rafael Del Bagno,"Julio Ahumada, Eduardo Rovira, Adolfo Francia, Andrés Natale","Mauricio Mise, Francisco Oréfice, Rodolfo Fernández, Domingo Serra, Leopoldo Marafiotti","Piano, Bass, 4 Bandoneons, 5 Violins"
José Basso,Orquesta José Basso,1968,Yo No Sé Qué Me Han Hecho Tus Ojos,,Vals,Juan Carlos Godoy,Music Hall,,Francisco Canaro,Francisco Canaro,,62-70 Music Hall,José Basso,Rafael Del Bagno,"Julio Ahumada, Eduardo Rovira, Adolfo Francia, Andrés Natale","Mauricio Mise, Francisco Oréfice, Rodolfo Fernández, Domingo Serra, Leopoldo Marafiotti","Piano, Bass, 4 Bandoneons, 5 Violins"
José Basso,Orquesta José Basso,1969,Copa de Ajenjo,,Tango,Alfredo Belusi,Music Hall,,Juan Canaro,Carlos Pesce,,62-70 Music Hall,José Basso,Rafael Del Bagno,"Julio Ahumada, Eduardo Rovira, Adolfo Francia, Andrés Natale","Mauricio Mise, Francisco Oréfice, Rodolfo Fernández, Domingo Serra, Leopoldo Marafiotti","Piano, Bass, 4 Bandoneons, 5 Violins"
José Basso,Orquesta José Basso,1969,Farol,,Tango,Alfredo Belusi,Music Hall,,Virgilio Expósito,Homero Expósito,,62-70 Music Hall,José Basso,Rafael Del Bagno,"Julio Ahumada, Eduardo Rovira, Adolfo Francia, Andrés Natale","Mauricio Mise, Francisco Oréfice, Rodolfo Fernández, Domingo Serra, Leopoldo Marafiotti","Piano, Bass, 4 Bandoneons, 5 Violins"
José Basso,Orquesta José Basso,1969,La Vieja Serenata,,Vals,Alfredo Belusi,Music Hall,,Teófilo Ibáñez,Sandalio Gómez,,62-70 Music Hall,José Basso,Rafael Del Bagno,"Julio Ahumada, Eduardo Rovira, Adolfo Francia, Andrés Natale","Mauricio Mise, Francisco Oréfice, Rodolfo Fernández, Domingo Serra, Leopoldo Marafiotti","Piano, Bass, 4 Bandoneons, 5 Violins"
José Basso,Orquesta José Basso,1969,Los Despojos,,Tango,Juan Carlos Godoy,Music Hall,,José Dames,Horacio Sanguinetti,,62-70 Music Hall,José Basso,Rafael Del Bagno,"Julio Ahumada, Eduardo Rovira, Adolfo Francia, Andrés Natale","Mauricio Mise, Francisco Oréfice, Rodolfo Fernández, Domingo Serra, Leopoldo Marafiotti","Piano, Bass, 4 Bandoneons, 5 Violins"
José Basso,Orquesta José Basso,1969,Secuestro,,Milonga,Luis Correa,Music Hall,,Américo Viglione,Ernesto Cardenal,,62-70 Music Hall,José Basso,Rafael Del Bagno,"Julio Ahumada, Eduardo Rovira, Adolfo Francia, Andrés Natale","Mauricio Mise, Francisco Oréfice, Rodolfo Fernández, Domingo Serra, Leopoldo Marafiotti","Piano, Bass, 4 Bandoneons, 5 Violins"
José Basso,Orquesta José Basso,1969,Tango Y Copas,Otro Tango | Tangos y Copas,Tango,Alfredo Belusi,Music Hall,,Héctor Artola,Carlos Bahr,,62-70 Music Hall,José Basso,Rafael Del Bagno,"Julio Ahumada, Eduardo Rovira, Adolfo Francia, Andrés Natale","Mauricio Mise, Francisco Oréfice, Rodolfo Fernández, Domingo Serra, Leopoldo Marafiotti","Piano, Bass, 4 Bandoneons, 5 Violins"
José Basso,El cuatro de Pepe Basso,1970,A La Gran Muñeca,,Tango,Instrumental,Music Hall,,Jesús Ventura,Miguel Osés,,62-70 Music Hall,José Basso,Rafael Del Bagno,"Julio Ahumada, Eduardo Rovira, Adolfo Francia, Andrés Natale","Mauricio Mise, Francisco Oréfice, Rodolfo Fernández, Domingo Serra, Leopoldo Marafiotti","Piano, Bass, 4 Bandoneons, 5 Violins"
José Basso,Orquesta José Basso,1970,Canaro En París,Canaro en París,Tango,Instrumental,Almalí,,"Alejandro Scarpino, Juan Caldarella",José Scarpino,,70 Almalí + Odeón,José Basso,Rafael Del Bagno,"Julio Ahumada, Eduardo Rovira, Adolfo Francia, Andrés Natale","Mauricio Mise, Francisco Oréfice, Rodolfo Fernández, Domingo Serra, Leopoldo Marafiotti","Piano, Bass, 4 Bandoneons, 5 Violins"
José Basso,Orquesta José Basso,1970,Chiqué,El Elegante,Tango,Instrumental,Music Hall,,Ricardo Brignolo,Ricardo Brignolo,,62-70 Music Hall,José Basso,Rafael Del Bagno,"Julio Ahumada, Eduardo Rovira, Adolfo Francia, Andrés Natale","Mauricio Mise, Francisco Oréfice, Rodolfo Fernández, Domingo Serra, Leopoldo Marafiotti","Piano, Bass, 4 Bandoneons, 5 Violins"
José Basso,Orquesta José Basso,1970,El Choclo,Kiss of Fire,Tango,Instrumental,Music Hall,,Ángel Villoldo,"Juan Catán, Enrique Discépolo",,62-70 Music Hall,José Basso,Rafael Del Bagno,"Julio Ahumada, Eduardo Rovira, Adolfo Francia, Andrés Natale","Mauricio Mise, Francisco Oréfice, Rodolfo Fernández, Domingo Serra, Leopoldo Marafiotti","Piano, Bass, 4 Bandoneons, 5 Violins"
José Basso,Orquesta José Basso,1970,El Huracán,El Huracan,Tango,Instrumental,Music Hall,,"Osvaldo Donato, Edgardo Donato",Nolo López,,62-70 Music Hall,José Basso,Rafael Del Bagno,"Julio Ahumada, Eduardo Rovira, Adolfo Francia, Andrés Natale","Mauricio Mise, Francisco Oréfice, Rodolfo Fernández, Domingo Serra, Leopoldo Marafiotti","Piano, Bass, 4 Bandoneons, 5 Violins"
José Basso,Orquesta José Basso,1970,Felicia,,Tango,Instrumental,Music Hall,,Enrique Saborido,Carlos Pacheco,,62-70 Music Hall,José Basso,Rafael Del Bagno,"Julio Ahumada, Eduardo Rovira, Adolfo Francia, Andrés Natale","Mauricio Mise, Francisco Oréfice, Rodolfo Fernández, Domingo Serra, Leopoldo Marafiotti","Piano, Bass, 4 Bandoneons, 5 Violins"
José Basso,Orquesta José Basso,1970,La Cachila,,Tango,Instrumental,Music Hall,,Eduardo Arolas,Héctor Polito,,62-70 Music Hall,José Basso,Rafael Del Bagno,"Julio Ahumada, Eduardo Rovira, Adolfo Francia, Andrés Natale","Mauricio Mise, Francisco Oréfice, Rodolfo Fernández, Domingo Serra, Leopoldo Marafiotti","Piano, Bass, 4 Bandoneons, 5 Violins"
José Basso,Orquesta José Basso,1970,La Morocha,,Tango,Instrumental,Music Hall,,Enrique Saborido,Ángel Villoldo,,62-70 Music Hall,José Basso,Rafael Del Bagno,"Julio Ahumada, Eduardo Rovira, Adolfo Francia, Andrés Natale","Mauricio Mise, Francisco Oréfice, Rodolfo Fernández, Domingo Serra, Leopoldo Marafiotti","Piano, Bass, 4 Bandoneons, 5 Violins"
José Basso,Orquesta José Basso,1970,Mamá Yo Quiero Un Novio,,Tango,Instrumental,Music Hall,,Ramón Collazo,Roberto Fontaina,,62-70 Music Hall,José Basso,Rafael Del Bagno,"Julio Ahumada, Eduardo Rovira, Adolfo Francia, Andrés Natale","Mauricio Mise, Francisco Oréfice, Rodolfo Fernández, Domingo Serra, Leopoldo Marafiotti","Piano, Bass, 4 Bandoneons, 5 Violins"
José Basso,Orquesta José Basso,1970,Nostalgias,,Tango,Instrumental,Music Hall,,Juan Cobián,Enrique Cadícamo,,62-70 Music Hall,José Basso,Rafael Del Bagno,"Julio Ahumada, Eduardo Rovira, Adolfo Francia, Andrés Natale","Mauricio Mise, Francisco Oréfice, Rodolfo Fernández, Domingo Serra, Leopoldo Marafiotti","Piano, Bass, 4 Bandoneons, 5 Violins"
José Basso,Orquesta José Basso,1970,Organito De La Tarde,,Tango,Instrumental,Music Hall,,Castillo Cátulo,José Castillo,,62-70 Music Hall,José Basso,Rafael Del Bagno,"Julio Ahumada, Eduardo Rovira, Adolfo Francia, Andrés Natale","Mauricio Mise, Francisco Oréfice, Rodolfo Fernández, Domingo Serra, Leopoldo Marafiotti","Piano, Bass, 4 Bandoneons, 5 Violins"
José Basso,Orquesta José Basso,1970,Quejas De Bandoneón,Quejas de Bandoneón,Tango,Instrumental,Music Hall,,Juan Filiberto,,,62-70 Music Hall,José Basso,Rafael Del Bagno,"Julio Ahumada, Eduardo Rovira, Adolfo Francia, Andrés Natale","Mauricio Mise, Francisco Oréfice, Rodolfo Fernández, Domingo Serra, Leopoldo Marafiotti","Piano, Bass, 4 Bandoneons, 5 Violins"
José Basso,Orquesta José Basso,1970,Re FA Si,,Tango,Instrumental,Music Hall,,Enrique Delfino,,,62-70 Music Hall,José Basso,Rafael Del Bagno,"Julio Ahumada, Eduardo Rovira, Adolfo Francia, Andrés Natale","Mauricio Mise, Francisco Oréfice, Rodolfo Fernández, Domingo Serra, Leopoldo Marafiotti","Piano, Bass, 4 Bandoneons, 5 Violins"
José Basso,Orquesta José Basso,1970,Rodríguez Peña,Rodríguez Peña,Tango,Instrumental,Music Hall,,Vicente Greco,"Ernesto Temes, Juan Velich, Rafael Velich",,62-70 Music Hall,José Basso,Rafael Del Bagno,"Julio Ahumada, Eduardo Rovira, Adolfo Francia, Andrés Natale","Mauricio Mise, Francisco Oréfice, Rodolfo Fernández, Domingo Serra, Leopoldo Marafiotti","Piano, Bass, 4 Bandoneons, 5 Violins"
José Basso,Orquesta José Basso,1970,Caminito,,Tango,Instrumental,Almalí,,,,,70 Almalí + Odeón,José Basso,Francisco De Lorenzo,"Roberto Pansera, Juan Carlos Bera, Eduardo Corti, Lisandro Adrover","Osvaldo Rodríguez, Armando Husso, José Singla, José Fernández","Piano, Bass, 4 Bandoneons, 4 Violins"
José Basso,Orquesta José Basso,1970,Yira Yira,,Tango,Instrumental,Almalí,,,,,70 Almalí + Odeón,José Basso,Francisco De Lorenzo,"Roberto Pansera, Juan Carlos Bera, Eduardo Corti, Lisandro Adrover","Osvaldo Rodríguez, Armando Husso, José Singla, José Fernández","Piano, Bass, 4 Bandoneons, 4 Violins"
José Basso,Orquesta José Basso,1970,La Cumparsita,,Tango,Instrumental,Almalí,,,,,70 Almalí + Odeón,José Basso,Francisco De Lorenzo,"Roberto Pansera, Juan Carlos Bera, Eduardo Corti, Lisandro Adrover","Osvaldo Rodríguez, Armando Husso, José Singla, José Fernández","Piano, Bass, 4 Bandoneons, 4 Violins"
José Basso,Orquesta José Basso,1970,El Esquinazo,,Milonga,Instrumental,Almalí,,,,,70 Almalí + Odeón,José Basso,Francisco De Lorenzo,"Roberto Pansera, Juan Carlos Bera, Eduardo Corti, Lisandro Adrover","Osvaldo Rodríguez, Armando Husso, José Singla, José Fernández","Piano, Bass, 4 Bandoneons, 4 Violins"
José Basso,Orquesta José Basso,1970,Adiós Muchachos,,Tango,Instrumental,Almalí,,,,,70 Almalí + Odeón,José Basso,Francisco De Lorenzo,"Roberto Pansera, Juan Carlos Bera, Eduardo Corti, Lisandro Adrover","Osvaldo Rodríguez, Armando Husso, José Singla, José Fernández","Piano, Bass, 4 Bandoneons, 4 Violins"
José Basso,Orquesta José Basso,1970,Inspiración,,Tango,Instrumental,Almalí,,,,,70 Almalí + Odeón,José Basso,Francisco De Lorenzo,"Roberto Pansera, Juan Carlos Bera, Eduardo Corti, Lisandro Adrover","Osvaldo Rodríguez, Armando Husso, José Singla, José Fernández","Piano, Bass, 4 Bandoneons, 4 Violins"
José Basso,Orquesta José Basso,1970,A Media Luz,,Tango,Instrumental,Almalí,,,,,70 Almalí + Odeón,José Basso,Francisco De Lorenzo,"Roberto Pansera, Juan Carlos Bera, Eduardo Corti, Lisandro Adrover","Osvaldo Rodríguez, Armando Husso, José Singla, José Fernández","Piano, Bass, 4 Bandoneons, 4 Violins"
José Basso,Orquesta José Basso,1970,Don Juan,,Tango,Instrumental,Almalí,,,,,70 Almalí + Odeón,José Basso,Francisco De Lorenzo,"Roberto Pansera, Juan Carlos Bera, Eduardo Corti, Lisandro Adrover","Osvaldo Rodríguez, Armando Husso, José Singla, José Fernández","Piano, Bass, 4 Bandoneons, 4 Violins"
José Basso,Orquesta José Basso,1970,Adiós Pampa Mía,,Tango,Instrumental,Almalí,,,,,70 Almalí + Odeón,José Basso,Francisco De Lorenzo,"Roberto Pansera, Juan Carlos Bera, Eduardo Corti, Lisandro Adrover","Osvaldo Rodríguez, Armando Husso, José Singla, José Fernández","Piano, Bass, 4 Bandoneons, 4 Violins"
José Basso,Orquesta José Basso,1970,El Llorón,,Tango,Instrumental,Almalí,,,,,70 Almalí + Odeón,José Basso,Francisco De Lorenzo,"Roberto Pansera, Juan Carlos Bera, Eduardo Corti, Lisandro Adrover","Osvaldo Rodríguez, Armando Husso, José Singla, José Fernández","Piano, Bass, 4 Bandoneons, 4 Violins"
José Basso,Orquesta José Basso,1970,El Amanecer,,Tango,Instrumental,Almalí,,,,,70 Almalí + Odeón,José Basso,Francisco De Lorenzo,"Roberto Pansera, Juan Carlos Bera, Eduardo Corti, Lisandro Adrover","Osvaldo Rodríguez, Armando Husso, José Singla, José Fernández","Piano, Bass, 4 Bandoneons, 4 Violins"
José Basso,Orquesta José Basso,1970,Brazo De Oro,,Tango,Instrumental,Almalí,,,,,70 Almalí + Odeón,José Basso,Francisco De Lorenzo,"Roberto Pansera, Juan Carlos Bera, Eduardo Corti, Lisandro Adrover","Osvaldo Rodríguez, Armando Husso, José Singla, José Fernández","Piano, Bass, 4 Bandoneons, 4 Violins"
José Basso,Orquesta José Basso,1970,Sentimiento Gaucho,,Tango,Instrumental,Almalí,,,,,70 Almalí + Odeón,José Basso,Francisco De Lorenzo,"Roberto Pansera, Juan Carlos Bera, Eduardo Corti, Lisandro Adrover","Osvaldo Rodríguez, Armando Husso, José Singla, José Fernández","Piano, Bass, 4 Bandoneons, 4 Violins"
José Basso,Orquesta José Basso,1983,A Media Luz,,Tango,Instrumental,Odeón,,Edgardo Donato,Carlos Lenzi,,70 Almalí + Odeón,José Basso,Francisco De Lorenzo,"Roberto Pansera, Juan Carlos Bera, Eduardo Corti, Lisandro Adrover","Osvaldo Rodríguez, Armando Husso, José Singla, José Fernández","Piano, Bass, 4 Bandoneons, 4 Violins"
José Basso,Orquesta José Basso,1983,Adiós Muchachos,,Tango,Instrumental,Odeón,,Julio Sanders,"César Vedani, Carol Raven",,70 Almalí + Odeón,José Basso,Francisco De Lorenzo,"Roberto Pansera, Juan Carlos Bera, Eduardo Corti, Lisandro Adrover","Osvaldo Rodríguez, Armando Husso, José Singla, José Fernández","Piano, Bass, 4 Bandoneons, 4 Violins"
José Basso,Orquesta José Basso,1983,Adiós Pampa Mía,,Tango,Instrumental,Odeón,,"Francisco Canaro, Mariano Mores",Ivo Pelay,,70 Almalí + Odeón,José Basso,Francisco De Lorenzo,"Roberto Pansera, Juan Carlos Bera, Eduardo Corti, Lisandro Adrover","Osvaldo Rodríguez, Armando Husso, José Singla, José Fernández","Piano, Bass, 4 Bandoneons, 4 Violins"
José Basso,Orquesta José Basso,1983,Brazo De Oro,,Tango,Instrumental,Odeón,,José Basso,,,70 Almalí + Odeón,José Basso,Francisco De Lorenzo,"Roberto Pansera, Juan Carlos Bera, Eduardo Corti, Lisandro Adrover","Osvaldo Rodríguez, Armando Husso, José Singla, José Fernández","Piano, Bass, 4 Bandoneons, 4 Violins"
José Basso,Orquesta José Basso,1983,Caminito,,Tango,Instrumental,Odeón,,Juan Filiberto,Gabino Peñaloza,,70 Almalí + Odeón,José Basso,Francisco De Lorenzo,"Roberto Pansera, Juan Carlos Bera, Eduardo Corti, Lisandro Adrover","Osvaldo Rodríguez, Armando Husso, José Singla, José Fernández","Piano, Bass, 4 Bandoneons, 4 Violins"
José Basso,Orquesta José Basso,1983,Don Juan,Mozos Guapos,Tango,Instrumental,Odeón,,Ernesto Ponzio,Ricardo Podestá,,70 Almalí + Odeón,José Basso,Francisco De Lorenzo,"Roberto Pansera, Juan Carlos Bera, Eduardo Corti, Lisandro Adrover","Osvaldo Rodríguez, Armando Husso, José Singla, José Fernández","Piano, Bass, 4 Bandoneons, 4 Violins"
José Basso,Orquesta José Basso,1983,El Amanecer,,Tango,Instrumental,Odeón,,Roberto Firpo,,,70 Almalí + Odeón,José Basso,Francisco De Lorenzo,"Roberto Pansera, Juan Carlos Bera, Eduardo Corti, Lisandro Adrover","Osvaldo Rodríguez, Armando Husso, José Singla, José Fernández","Piano, Bass, 4 Bandoneons, 4 Violins"
José Basso,Orquesta José Basso,1983,El Esquinazo,,Milonga,Instrumental,Odeón,,Ángel Villoldo,"Carlos Pesce, Antonio Polito",,70 Almalí + Odeón,José Basso,Francisco De Lorenzo,"Roberto Pansera, Juan Carlos Bera, Eduardo Corti, Lisandro Adrover","Osvaldo Rodríguez, Armando Husso, José Singla, José Fernández","Piano, Bass, 4 Bandoneons, 4 Violins"
José Basso,Orquesta José Basso,1983,El Llorón,,Milonga,Instrumental,Odeón,,Juan Maglio,Enrique Cadícamo,,70 Almalí + Odeón,José Basso,Francisco De Lorenzo,"Roberto Pansera, Juan Carlos Bera, Eduardo Corti, Lisandro Adrover","Osvaldo Rodríguez, Armando Husso, José Singla, José Fernández","Piano, Bass, 4 Bandoneons, 4 Violins"
José Basso,Orquesta José Basso,1983,Inspiración,Inspiración,Tango,Instrumental,Odeón,,Peregrino Paulos,Luis Rubistein,,70 Almalí + Odeón,José Basso,Francisco De Lorenzo,"Roberto Pansera, Juan Carlos Bera, Eduardo Corti, Lisandro Adrover","Osvaldo Rodríguez, Armando Husso, José Singla, José Fernández","Piano, Bass, 4 Bandoneons, 4 Violins"
José Basso,El cuatro de Pepe Basso,1983,La Cumparsita,Si Supieras,Tango,Instrumental,Odeón,,Gerardo Rodríguez,"Pascual Contursi, Enrique Maroni, Gerardo Rodríguez",,70 Almalí + Odeón,José Basso,Francisco De Lorenzo,"Roberto Pansera, Juan Carlos Bera, Eduardo Corti, Lisandro Adrover","Osvaldo Rodríguez, Armando Husso, José Singla, José Fernández","Piano, Bass, 4 Bandoneons, 4 Violins"
José Basso,Orquesta José Basso,1983,Sentimiento Gaucho,,Tango,Instrumental,Odeón,,"Francisco Canaro, Rafael Canaro",Juan Caruso,,70 Almalí + Odeón,José Basso,Francisco De Lorenzo,"Roberto Pansera, Juan Carlos Bera, Eduardo Corti, Lisandro Adrover","Osvaldo Rodríguez, Armando Husso, José Singla, José Fernández","Piano, Bass, 4 Bandoneons, 4 Violins"
José Basso,Orquesta José Basso,1983,Yira Yira,,Tango,Instrumental,Odeón,,Enrique Discépolo,Enrique Discépolo,,70 Almalí + Odeón,José Basso,Francisco De Lorenzo,"Roberto Pansera, Juan Carlos Bera, Eduardo Corti, Lisandro Adrover","Osvaldo Rodríguez, Armando Husso, José Singla, José Fernández","Piano, Bass, 4 Bandoneons, 4 Violins"
José Basso,Orquesta José Basso,1985,Mi Dolor,,Tango,Gloria Díaz,Odeón,,Carlos Marcucci,Manuel Meaños,,70 Almalí + Odeón,José Basso,Francisco De Lorenzo,"Roberto Pansera, Juan Carlos Bera, Eduardo Corti, Lisandro Adrover","Osvaldo Rodríguez, Armando Husso, José Singla, José Fernández","Piano, Bass, 4 Bandoneons, 4 Violins"
José Basso,Orquesta José Basso,1985,Viejo Rincón,,Tango,Gloria Díaz,Odeón,,Raúl Hoyos,Roberto Cayol,,70 Almalí + Odeón,José Basso,Francisco De Lorenzo,"Roberto Pansera, Juan Carlos Bera, Eduardo Corti, Lisandro Adrover","Osvaldo Rodríguez, Armando Husso, José Singla, José Fernández","Piano, Bass, 4 Bandoneons, 4 Violins"
José Basso,Orquesta José Basso,1986,Amigos que Yo Quiero,,Tango,Eduardo Borda,Odeón,,Hugo Gutiérrez,Hugo Gutiérrez,,70 Almalí + Odeón,José Basso,Francisco De Lorenzo,"Roberto Pansera, Juan Carlos Bera, Eduardo Corti, Lisandro Adrover","Osvaldo Rodríguez, Armando Husso, José Singla, José Fernández","Piano, Bass, 4 Bandoneons, 4 Violins"
José Basso,Orquesta José Basso,1986,Amor Y Tango,,Tango,Eduardo Borda,Odeón,,José Basso,Carlos Bahr,,70 Almalí + Odeón,José Basso,Francisco De Lorenzo,"Roberto Pansera, Juan Carlos Bera, Eduardo Corti, Lisandro Adrover","Osvaldo Rodríguez, Armando Husso, José Singla, José Fernández","Piano, Bass, 4 Bandoneons, 4 Violins"
José Basso,Orquesta José Basso,1986,Con Alma Y Vida,,Milonga,Eduardo Borda y Quique Ojeda,Odeón,,Carlos Di Sarli,Héctor Marcó,,70 Almalí + Odeón,José Basso,Francisco De Lorenzo,"Roberto Pansera, Juan Carlos Bera, Eduardo Corti, Lisandro Adrover","Osvaldo Rodríguez, Armando Husso, José Singla, José Fernández","Piano, Bass, 4 Bandoneons, 4 Violins"
José Basso,Orquesta José Basso,1986,Desorientado,,Tango,Eduardo Borda,Odeón,,"Miguel Caló, Marvil, Oscar Rubens","Miguel Caló, Marvil, Oscar Rubens",,70 Almalí + Odeón,José Basso,Francisco De Lorenzo,"Roberto Pansera, Juan Carlos Bera, Eduardo Corti, Lisandro Adrover","Osvaldo Rodríguez, Armando Husso, José Singla, José Fernández","Piano, Bass, 4 Bandoneons, 4 Violins"
José Basso,Orquesta José Basso,1986,Después del Carnaval,,Tango,Eduardo Borda y Quique Ojeda,Odeón,,José Keen,José Keen,,70 Almalí + Odeón,José Basso,Francisco De Lorenzo,"Roberto Pansera, Juan Carlos Bera, Eduardo Corti, Lisandro Adrover","Osvaldo Rodríguez, Armando Husso, José Singla, José Fernández","Piano, Bass, 4 Bandoneons, 4 Violins"
José Basso,Orquesta José Basso,1986,Doble a,,Tango,Instrumental,Odeón,,José Basso,,,70 Almalí + Odeón,José Basso,Francisco De Lorenzo,"Roberto Pansera, Juan Carlos Bera, Eduardo Corti, Lisandro Adrover","Osvaldo Rodríguez, Armando Husso, José Singla, José Fernández","Piano, Bass, 4 Bandoneons, 4 Violins"
José Basso,Orquesta José Basso,1986,El Viejo Vals,,Vals,Eduardo Borda y Quique Ojeda,Odeón,,Carlos Pérez,José Castillo,,70 Almalí + Odeón,José Basso,Francisco De Lorenzo,"Roberto Pansera, Juan Carlos Bera, Eduardo Corti, Lisandro Adrover","Osvaldo Rodríguez, Armando Husso, José Singla, José Fernández","Piano, Bass, 4 Bandoneons, 4 Violins"
José Basso,Orquesta José Basso,1986,La Capilla Blanca,,Tango,Quique Ojeda,Odeón,,Carlos Di Sarli,Héctor Marcó,,70 Almalí + Odeón,José Basso,Francisco De Lorenzo,"Roberto Pansera, Juan Carlos Bera, Eduardo Corti, Lisandro Adrover","Osvaldo Rodríguez, Armando Husso, José Singla, José Fernández","Piano, Bass, 4 Bandoneons, 4 Violins"
José Basso,Orquesta José Basso,1986,Once y Uno,11 y 1,Tango,Instrumental,Odeón,,José Basso,,,70 Almalí + Odeón,José Basso,Francisco De Lorenzo,"Roberto Pansera, Juan Carlos Bera, Eduardo Corti, Lisandro Adrover","Osvaldo Rodríguez, Armando Husso, José Singla, José Fernández","Piano, Bass, 4 Bandoneons, 4 Violins"
José Basso,Orquesta José Basso,1986,Pobre Flor,Primera Ilusión,Vals,Eduardo Borda y Quique Ojeda,Odeón,,Luis Mottolese,Víctor Spindola,,70 Almalí + Odeón,José Basso,Francisco De Lorenzo,"Roberto Pansera, Juan Carlos Bera, Eduardo Corti, Lisandro Adrover","Osvaldo Rodríguez, Armando Husso, José Singla, José Fernández","Piano, Bass, 4 Bandoneons, 4 Violins"
José Basso,Orquesta José Basso,1986,Pájaro Ciego,,Tango,Quique Ojeda,Odeón,,Antonio Bonavena,Lito Bayardo,,70 Almalí + Odeón,José Basso,Francisco De Lorenzo,"Roberto Pansera, Juan Carlos Bera, Eduardo Corti, Lisandro Adrover","Osvaldo Rodríguez, Armando Husso, José Singla, José Fernández","Piano, Bass, 4 Bandoneons, 4 Violins"
José Basso,Orquesta José Basso,1986,Rosicler,,Tango,Quique Ojeda,Odeón,,José Basso,Francisco Jiménez,,70 Almalí + Odeón,José Basso,Francisco De Lorenzo,"Roberto Pansera, Juan Carlos Bera, Eduardo Corti, Lisandro Adrover","Osvaldo Rodríguez, Armando Husso, José Singla, José Fernández","Piano, Bass, 4 Bandoneons, 4 Violins"
José Basso,Orquesta José Basso,1986,Tristeza Marina,,Tango,Quique Ojeda,Odeón,,"José Dames, Roberto Chato",Horacio Sanguinetti,,70 Almalí + Odeón,José Basso,Francisco De Lorenzo,"Roberto Pansera, Juan Carlos Bera, Eduardo Corti, Lisandro Adrover","Osvaldo Rodríguez, Armando Husso, José Singla, José Fernández","Piano, Bass, 4 Bandoneons, 4 Violins"
José Basso,Orquesta José Basso,1986,Un Tango Y Nada Más,,Tango,Eduardo Borda,Odeón,,"Armando Lacava, Juan Pomati",Carlos Waiss,,70 Almalí + Odeón,José Basso,Francisco De Lorenzo,"Roberto Pansera, Juan Carlos Bera, Eduardo Corti, Lisandro Adrover","Osvaldo Rodríguez, Armando Husso, José Singla, José Fernández","Piano, Bass, 4 Bandoneons, 4 Violins"
