Bandleader,Orchestra,Title,Alternative_Title,Genre,Date,Singer,Composer,Author,Label,Master,Arranger,Grouping,Piano,Bassist,Bandoneons,Strings
Carlos Gardel,Carlos Gardel,El almohadón,,Vals,1912,Carlos Gardel,J. Betinotti,A. Cepeda,Columbia,Acoustic,,12-26 Acoustic,,,,
Carlos Gardel,Carlos Gardel,A Mitre,,Vals,1912,Carlos Gardel,P. Vazquez,J. Etchepare,Columbia,Acoustic,,12-26 Acoustic,,,,
Carlos Gardel,Carlos Gardel,Mi noche triste,,Tango,1917,Carlos Gardel,S. Castriota,P. Contursi,Odeon,Acoustic,,12-26 Acoustic,,,,
Carlos Gardel,Carlos Gardel,Flor de fango,,Tango,1918,Carlos Gardel,A. Gentili,P. Contursi,Odeon,Acoustic,,12-26 Acoustic,,,,
Carlos Gardel,Carlos Gardel,Aurora,,Vals,1919,Carlos Gardel y José Razzano,Carlos Gardel - Jose Razzano,Carlos Gardel - Jose Razzano,Odeon,Acoustic,,12-26 Acoustic,,,,
Carlos Gardel,Carlos Gardel,"Ay, Elena",,Vals,1919,Carlos Gardel y José Razzano,Carlos Gardel - Jose Razzano,Carlos Gardel - Jose Razzano,Odeon,Acoustic,,12-26 Acoustic,,,,
Carlos Gardel,Carlos Gardel,Como quiere la madre a sus hijos,,Vals,1919,Carlos Gardel,J. Betinotti,J. Betinotti,Odeon,Acoustic,,12-26 Acoustic,,,,
Carlos Gardel,Carlos Gardel,De vuelta al bulín,,Tango,1919,Carlos Gardel,J. Martinez,P. Contursi,Odeon,Acoustic,,12-26 Acoustic,,,,
Carlos Gardel,Dúo Gardel - Razzano,"En vano, en vano",,Vals,1920,Carlos Gardel y José Razzano,Carlos Gardel - Jose Razzano,Carlos Gardel - Jose Razzano,Odeon,Acoustic,,12-26 Acoustic,,,,
Carlos Gardel,Carlos Gardel,Milongón,,Milonga,1920,Carlos Gardel,A. Rio,A. Rio,Odeon,Acoustic,,12-26 Acoustic,,,,
Carlos Gardel,Carlos Gardel,Ivette,,Tango,1920,Carlos Gardel,J. Martinez,P. Contursi,Odeon,Acoustic,,12-26 Acoustic,,,,
Carlos Gardel,Carlos Gardel,Muñequita,,Tango,1920,Carlos Gardel,F. Lomuto,A. Herschel,Odeon,Acoustic,,12-26 Acoustic,,,,
Carlos Gardel,Carlos Gardel,Milonguita,,Tango,1920,Carlos Gardel,E. Delfino,S. Linning,Odeon,Acoustic,,12-26 Acoustic,,,,
Carlos Gardel,Carlos Gardel,Que querés con esa cara,,Tango,1920,Carlos Gardel,E. Arolas,P. Contursi,Odeon,Acoustic,,12-26 Acoustic,,,,
Carlos Gardel,Carlos Gardel,La catedrática,,Milonga,1920,Carlos Gardel,F. Martino,F. Martino,Odeon,Acoustic,,12-26 Acoustic,,,,
Carlos Gardel,Carlos Gardel,Carne de Cabaret,,Tango,1920,Carlos Gardel,P. Lambertucci,L. Roldan,Odeon,Acoustic,,12-26 Acoustic,,,,
Carlos Gardel,Carlos Gardel,Pobre paica,,Tango,1920,Carlos Gardel,J. Cobian,P. Contursi,Odeon,Acoustic,,12-26 Acoustic,,,,
Carlos Gardel,Dúo Gardel - Razzano,Ausencia,,Vals,1920,Carlos Gardel y José Razzano,Francisco N. Bianco - Carlos Gardel - José Razzano,Francisco N. Bianco - Carlos Gardel - José Razzano,Odeon,Acoustic,,12-26 Acoustic,,,,
Carlos Gardel,Dúo Gardel - Razzano,Margot,,Tango,1921,Carlos Gardel,J. Ricardo Soria,C. Flores,Odeon,Acoustic,,12-26 Acoustic,,,,
Carlos Gardel,Carlos Gardel,Cielito mio,,Tango,1921,Carlos Gardel,O. Fresedo,E. Fresedo,Odeon,Acoustic,,12-26 Acoustic,,,,
Carlos Gardel,Carlos Gardel,Zorro gris,,Tango,1921,Carlos Gardel,R. Tuegols,F. Garcia Jimenez,Odeon,Acoustic,,12-26 Acoustic,,,,
Carlos Gardel,Carlos Gardel,El pañuelito,,Tango,1921,Carlos Gardel,J. de D. Filiberto,G. Coria Penaloza,Odeon,Acoustic,,12-26 Acoustic,,,,
Carlos Gardel,Carlos Gardel,La percanta está triste,,Tango,1921,Carlos Gardel,V. Greco,V. Greco,Odeon,Acoustic,,12-26 Acoustic,,,,
Carlos Gardel,Carlos Gardel,Muñequita de lujo,,Tango,1921,Carlos Gardel,E. Delfino,P. Cordoba,Odeon,Acoustic,,12-26 Acoustic,,,,
Carlos Gardel,Carlos Gardel,Que has hecho de mi cariño,,Tango,1921,Carlos Gardel,J. Maglio,J. Gonzalez Castillo,Odeon,Acoustic,,12-26 Acoustic,,,,
Carlos Gardel,Carlos Gardel,La copa del olvido,,Tango,1921,Carlos Gardel,E. Delfino,A. Vaccarezza,Odeon,Acoustic,,12-26 Acoustic,,,,
Carlos Gardel,Carlos Gardel,Contrastes,,Vals,1922,Carlos Gardel y José Razzano,Carlos Gardel - Jose Razzano,Carlos Gardel - Jose Razzano,Odeon,Acoustic,,12-26 Acoustic,,,,
Carlos Gardel,Carlos Gardel,Un bailongo,,Milonga,1922,Carlos Gardel,J. Ricardo Soria,A. Cepeda,Odeon,Acoustic,,12-26 Acoustic,,,,
Carlos Gardel,Carlos Gardel,El taita del arrabal,,Tango,1922,Carlos Gardel,J. Padilla,L. Bayon Herrera - M. Romero,Odeon,Acoustic,,12-26 Acoustic,,,,
Carlos Gardel,Carlos Gardel,Los indios,,Tango,1922,Carlos Gardel,F. Canaro,J. Caruso,Odeon,Acoustic,,12-26 Acoustic,,,,
Carlos Gardel,Carlos Gardel,Tu diagnóstico,,Vals,1922,Carlos Gardel,F. Bianco,J. Betinotti,Odeon,Acoustic,,12-26 Acoustic,,,,
Carlos Gardel,Carlos Gardel,Las campanas,,Vals,1922,Carlos Gardel,J. Planquette,J. Planquette,Odeon,Acoustic,,12-26 Acoustic,,,,
Carlos Gardel,Carlos Gardel,Mi estrella,,Vals,1922,Carlos Gardel y José Razzano,S. Salinas,S. Salinas,Odeon,Acoustic,,12-26 Acoustic,,,,
Carlos Gardel,Carlos Gardel,La cartita,,Tango,1922,Carlos Gardel,J. Filiberto,G. Penaloza,Odeon,Acoustic,,12-26 Acoustic,,,,
Carlos Gardel,Carlos Gardel,Pobre corazoncito,,Tango,1922,Carlos Gardel,V. Greco,P. Numa Cordoba,Odeon,Acoustic,,12-26 Acoustic,,,,
Carlos Gardel,Carlos Gardel,La cautiva,,Tango,1922,Carlos Gardel,C. Geroni Flores,P. Numa Cordoba,Odeon,Acoustic,,12-26 Acoustic,,,,
Carlos Gardel,Carlos Gardel,La mascotita,,Tango,1922,Carlos Gardel,F. Scolatti Almeyda,J. Luque Lobos,Odeon,Acoustic,,12-26 Acoustic,,,,
Carlos Gardel,Carlos Gardel,Pobre vieja,,Tango,1922,Carlos Gardel,R. Goyeneche,R. Goyeneche,Odeon,Acoustic,,12-26 Acoustic,,,,
Carlos Gardel,Carlos Gardel,Sufra,,Tango,1922,Carlos Gardel,F. Canaro,J. Caruso,Odeon,Acoustic,,12-26 Acoustic,,,,
Carlos Gardel,Carlos Gardel,La brisa,,Tango,1922,Carlos Gardel,F. Canaro,J. Caruso,Odeon,Acoustic,,12-26 Acoustic,,,,
Carlos Gardel,Carlos Gardel,¡Madre!,,Tango,1922,Carlos Gardel,F. Pracanico,V. Servetto,Odeon,Acoustic,,12-26 Acoustic,,,,
Carlos Gardel,Carlos Gardel,El patotero sentimental,,Tango,1922,Carlos Gardel,Manuel Romero -Manuel Jovés,Manuel Romero -Manuel Jovés,Odeon,Acoustic,,12-26 Acoustic,,,,
Carlos Gardel,Carlos Gardel,Polvorín,,Tango,1922,Carlos Gardel,J. Martinez,M. Romero,Odeon,Acoustic,,12-26 Acoustic,,,,
Carlos Gardel,Carlos Gardel,La provinciana,,Tango,1922,Carlos Gardel,M. Joves,M. Romero,Odeon,Acoustic,,12-26 Acoustic,,,,
Carlos Gardel,Carlos Gardel,El tango de la muerte,,Tango,1922,Carlos Gardel,H. Mackitons,A. Novion,Odeon,Acoustic,,12-26 Acoustic,,,,
Carlos Gardel,Carlos Gardel,Loca,,Tango,1922,Carlos Gardel,M. Joves,A. Viergol,Odeon,Acoustic,,12-26 Acoustic,,,,
Carlos Gardel,Carlos Gardel,Porotita,,Tango,1922,Carlos Gardel,E. Delfino,A. Viergol,Odeon,Acoustic,,12-26 Acoustic,,,,
Carlos Gardel,Carlos Gardel,Camarada,,Tango,1922,Carlos Gardel,F y J. Caruso,J. Caruso,Odeon,Acoustic,,12-26 Acoustic,,,,
Carlos Gardel,Carlos Gardel,La maleva,,Tango,1922,Carlos Gardel,A. Buglione,M. Pardo,Odeon,Acoustic,,12-26 Acoustic,,,,
Carlos Gardel,Carlos Gardel,Córdoba,,Tango,1922,Carlos Gardel,M. D'Errico,J. Caruso,Odeon,Acoustic,,12-26 Acoustic,,,,
Carlos Gardel,Carlos Gardel,Nido de amor,,Tango,1922,Carlos Gardel,S. Castriota,J. Caruso,Odeon,Acoustic,,12-26 Acoustic,,,,
Carlos Gardel,Carlos Gardel,El pinche,,Tango,1923,Carlos Gardel,F. y J. Canaro,J. Caruso,Odeon,Acoustic,,12-26 Acoustic,,,,
Carlos Gardel,Carlos Gardel,Como los nardos en flor,,Tango,1923,Carlos Gardel,T. y M. Lespes,E. Viera,Odeon,Acoustic,,12-26 Acoustic,,,,
Carlos Gardel,Dúo Gardel - Razzano,Mano a mano,,Tango,1923,Carlos Gardel,Carlos Gardel - Jose Razzano,C. Flores,Odeon,Acoustic,,12-26 Acoustic,,,,
Carlos Gardel,Carlos Gardel,Rosas de otoño,,Vals,1923,Carlos Gardel,G. Barbieri,J. Rial,Odeon,Acoustic,,12-26 Acoustic,,,,
Carlos Gardel,Carlos Gardel,La mariposa,,Tango,1923,Carlos Gardel,P. Maffia,C. Flores,Odeon,Acoustic,,12-26 Acoustic,,,,
Carlos Gardel,Carlos Gardel,Hacete tonadillera,,Tango,1923,Carlos Gardel,A. Greco,A. Greco,Odeon,Acoustic,,12-26 Acoustic,,,,
Carlos Gardel,Carlos Gardel,La chacarera,,Tango,1923,Carlos Gardel,J. Maglio / J. Servidio,J. Caruso,Odeon,Acoustic,,12-26 Acoustic,,,,
Carlos Gardel,Carlos Gardel,Mi refugio,,Tango,1923,Carlos Gardel,J. Cobian,P. Numa Cordoba,Odeon,Acoustic,,12-26 Acoustic,,,,
Carlos Gardel,Carlos Gardel,El huerfano,,Tango,1923,Carlos Gardel,A. Aieta,F. Garcia Jimenez,Odeon,Acoustic,,12-26 Acoustic,,,,
Carlos Gardel,Carlos Gardel,Buenos Aires,,Tango,1923,Carlos Gardel,M. Joves,M. Romero,Odeon,Acoustic,,12-26 Acoustic,,,,
Carlos Gardel,Carlos Gardel,La muchacha,,Tango,1923,Carlos Gardel,R. Firpo,J. Ferreyra / L. Torre Rios,Odeon,Acoustic,,12-26 Acoustic,,,,
Carlos Gardel,Carlos Gardel,Tendras que llorar,,Vals (Duo),1923,Carlos Gardel y José Razzano,C. Tapia,C. Tapia,Odeon,Acoustic,,12-26 Acoustic,,,,
Carlos Gardel,Carlos Gardel,Pobres flores,,Tango,1923,Carlos Gardel,F. Pacranico,V. Servetto,Odeon,Acoustic,,12-26 Acoustic,,,,
Carlos Gardel,Carlos Gardel,Una pena,,Tango,1923,Carlos Gardel,A. Rosquellas,A. Albert,Odeon,Acoustic,,12-26 Acoustic,,,,
Carlos Gardel,Carlos Gardel,El rey del cabaret,,Tango,1923,Carlos Gardel,E. Delfino,M. Romero,Odeon,Acoustic,,12-26 Acoustic,,,,
Carlos Gardel,Carlos Gardel,Alma porteña,,Tango,1923,Carlos Gardel,V. Greco,V. Greco,Odeon,Acoustic,,12-26 Acoustic,,,,
Carlos Gardel,Carlos Gardel,Viejecita mia,,Tango,1923,Carlos Gardel,C. Marcucci,E. Dizeo,Odeon,Acoustic,,12-26 Acoustic,,,,
Carlos Gardel,Carlos Gardel,El ramito,,Tango,1923,Carlos Gardel,J. Filiberto / L. Teisseire,G. Coria Penaloza,Odeon,Acoustic,,12-26 Acoustic,,,,
Carlos Gardel,Carlos Gardel,Midinette porteña,,Tango,1923,Carlos Gardel,R. Tuegols,C. Camba,Odeon,Acoustic,,12-26 Acoustic,,,,
Carlos Gardel,Carlos Gardel,Clarita,,Tango,1923,Carlos Gardel,D. Fortunato,J. Gonzalez Castillo,Odeon,Acoustic,,12-26 Acoustic,,,,
Carlos Gardel,Carlos Gardel,Nubes de humo,,Tango,1923,Carlos Gardel,M. Joves,M. Romero,Odeon,Acoustic,,12-26 Acoustic,,,,
Carlos Gardel,Carlos Gardel,Celeste y blanco,,Tango,1923,Carlos Gardel,L. Teisseire,A. Kolben,Odeon,Acoustic,,12-26 Acoustic,,,,
Carlos Gardel,Carlos Gardel,Padre nuestro,,Tango,1923,Carlos Gardel,E. Delfino,A. Vacarezza,Odeon,Acoustic,,12-26 Acoustic,,,,
Carlos Gardel,Carlos Gardel,"Eche otra caña, pulpero",,Tango,1923,Carlos Gardel,E. Delfino,A. Vacarezza,Odeon,Acoustic,,12-26 Acoustic,,,,
Carlos Gardel,Carlos Gardel,Pobre milonga,,Tango,1923,Carlos Gardel,M. Joves,M. Romero,Odeon,Acoustic,,12-26 Acoustic,,,,
Carlos Gardel,Carlos Gardel,Amor perdido,,Tango,1923,Carlos Gardel,E. Bonessi,Carlos Gardel - Jose Razzano,Odeon,Acoustic,,12-26 Acoustic,,,,
Carlos Gardel,Carlos Gardel,Tierrita,,Tango,1923,Carlos Gardel,A. Bardi,J. Caruso,Odeon,Acoustic,,12-26 Acoustic,,,,
Carlos Gardel,Carlos Gardel,El curdela,,Tango,1923,Carlos Gardel,J. Maglio,J. Luque Lobos,Odeon,Acoustic,,12-26 Acoustic,,,,
Carlos Gardel,Carlos Gardel,El arroyito,,Tango,1923,Carlos Gardel,S. Castriota,C. Flores,Odeon,Acoustic,,12-26 Acoustic,,,,
Carlos Gardel,Carlos Gardel,Lo que fuiste,,Tango,1923,Carlos Gardel,R. Tuegols,F. Garcia Jimenez,Odeon,Acoustic,,12-26 Acoustic,,,,
Carlos Gardel,Carlos Gardel,Mentias,,Tango,1923,Carlos Gardel,J. Filiberto,M. Mujica,Odeon,Acoustic,,12-26 Acoustic,,,,
Carlos Gardel,Carlos Gardel,Tierra del fuego,,Tango,1923,Carlos Gardel,F. Lomuto,F. Lomuto,Odeon,Acoustic,,12-26 Acoustic,,,,
Carlos Gardel,Carlos Gardel,Cartitas perfumadas,,Tango,1923,Carlos Gardel,A. Greco,J. Caruso,Odeon,Acoustic,,12-26 Acoustic,,,,
Carlos Gardel,Carlos Gardel,Desengaño,,Tango,1923,Carlos Gardel,F. y J. Canaro,J. Caruso,Odeon,Acoustic,,12-26 Acoustic,,,,
Carlos Gardel,Carlos Gardel,Tu vieja ventana,,Vals,1923,Carlos Gardel y José Razzano,G. Barbieri,A. Rio,Odeon,Acoustic,,12-26 Acoustic,,,,
Carlos Gardel,Carlos Gardel,Desdichas,,Tango,1923,Carlos Gardel,A. Gentile,P. Contursi,Odeon,Acoustic,,12-26 Acoustic,,,,
Carlos Gardel,Carlos Gardel,Sobre el pucho,,Tango,1923,Carlos Gardel,S. Piana,J. Gonzalez Castillo,Odeon,Acoustic,,12-26 Acoustic,,,,
Carlos Gardel,Carlos Gardel,Sacate la caretita,,Tango,1924,Carlos Gardel,José Francisco Schumacher y Luis Cosenza,Juan Andrés Caruso,Odeon,Acoustic,,12-26 Acoustic,,,,
Carlos Gardel,Carlos Gardel,El consentido,,Tango,1924,Carlos Gardel,Emilio Iribarne,Cancio Millán,Odeon,Acoustic,,12-26 Acoustic,,,,
Carlos Gardel,Carlos Gardel,Príncipe,,Tango,1924,Carlos Gardel,Rafael Tuegols - Anselmo Aieta,Francisco García Jiménez,Odeon,Acoustic,,12-26 Acoustic,,,,
Carlos Gardel,Carlos Gardel,Sombras,,Tango,1924,Carlos Gardel,Verminio Servetto,Francisco Pracánico,Odeon,Acoustic,,12-26 Acoustic,,,,
Carlos Gardel,Carlos Gardel,Francesita,,Tango,1924,Carlos Gardel,Enrique Delfino,Alberto Vacarezza,Odeon,Acoustic,,12-26 Acoustic,,,,
Carlos Gardel,Carlos Gardel,Congojas,,Tango,1924,Carlos Gardel,"Juan Maglio, Pacho",Enrique Carrera Sotelo,Odeon,Acoustic,,12-26 Acoustic,,,,
Carlos Gardel,Carlos Gardel,Desolación,,Tango,1924,Carlos Gardel,Adolfo Avilés,Eduardo Ildefonso Viera,Odeon,Acoustic,,12-26 Acoustic,,,,
Carlos Gardel,Carlos Gardel,¿Se acuerdan muchachos?,,Tango,1924,Carlos Gardel,Enrique Delfino,Pablo Marcelino Suero,Odeon,Acoustic,,12-26 Acoustic,,,,
Carlos Gardel,Carlos Gardel,"Perdoname, Señor",,Tango,1924,Carlos Gardel,Francisco Pracánico,Verminio Servetto,Odeon,Acoustic,,12-26 Acoustic,,,,
Carlos Gardel,Carlos Gardel,Nunca mas,,Tango,1924,Carlos Gardel,Francisco Lomuto,Oscar Lomuto,Odeon,Acoustic,,12-26 Acoustic,,,,
Carlos Gardel,Carlos Gardel,Pobre amigo,,Tango,1924,Carlos Gardel,Guillermo Barbieri,José Rial,Odeon,Acoustic,,12-26 Acoustic,,,,
Carlos Gardel,Carlos Gardel,Tranco a tranco,,Tango,1924,Carlos Gardel,"Juan Maglio, Pacho",Juan Andrés Caruso,Odeon,Acoustic,,12-26 Acoustic,,,,
Carlos Gardel,Carlos Gardel,Cascabelito,,Tango,1924,Carlos Gardel,José Bohr,Juan Andrés Caruso,Odeon,Acoustic,,12-26 Acoustic,,,,
Carlos Gardel,Carlos Gardel,De flor en flor,,Tango,1924,Carlos Gardel,Eduardo Bonessi,Domingo Gallicchio,Odeon,Acoustic,,12-26 Acoustic,,,,
Carlos Gardel,Carlos Gardel,Sueno marchito,,Tango,1924,Carlos Gardel,Antonio Polito,Antonio Timarni,Odeon,Acoustic,,12-26 Acoustic,,,,
Carlos Gardel,Carlos Gardel,Milonga fina,,Tango,1924,Carlos Gardel,José Servidio,Celedonio Esteban Flores,Odeon,Acoustic,,12-26 Acoustic,,,,
Carlos Gardel,Carlos Gardel,La enmascarada,,Tango,1924,Carlos Gardel,Paquita Bernardo,Francisco García Jiménez,Odeon,Acoustic,,12-26 Acoustic,,,,
Carlos Gardel,Carlos Gardel,"Talán, talán",,Tango,1924,Carlos Gardel,Enrique Delfino,Alberto Vacarezza,Odeon,Acoustic,,12-26 Acoustic,,,,
Carlos Gardel,Carlos Gardel,El alma que siente,,Tango,1924,Carlos Gardel,José Servidio,Celedonio Esteban Flores,Odeon,Acoustic,,12-26 Acoustic,,,,
Carlos Gardel,Carlos Gardel,Il picccolo navio,,Tango,1924,Carlos Gardel,Luis Riccardi,Juan Andrés Caruso,Odeon,Acoustic,,12-26 Acoustic,,,,
Carlos Gardel,Carlos Gardel,El besito,,Tango,1924,Carlos Gardel,Juan de Dios Filiberto,Gabino Coria Peñaloza,Odeon,Acoustic,,12-26 Acoustic,,,,
Carlos Gardel,Carlos Gardel,La Vuelta de Rocha,,Tango,1924,Carlos Gardel,Juan de Dios Filiberto,Gabino Coria Peñaloza,Odeon,Acoustic,,12-26 Acoustic,,,,
Carlos Gardel,Carlos Gardel,Macachin flor de los llanos,,Tango,1924,Carlos Gardel,Francisco Martínez Aranaz,Gondran Ellauri Obligado,Odeon,Acoustic,,12-26 Acoustic,,,,
Carlos Gardel,Carlos Gardel,La cabeza del italiano,,Tango,1924,Carlos Gardel,Antonio Scatasso,Francisco Bastardi,Odeon,Acoustic,,12-26 Acoustic,,,,
Carlos Gardel,Carlos Gardel,Pobre madrecita,,Tango,1924,Carlos Gardel,Angel Greco,Juan Andres Caruso,Odeon,Acoustic,,12-26 Acoustic,,,,
Carlos Gardel,Carlos Gardel,Argentina,,Tango,1924,Carlos Gardel,Vicente Greco,Vicente Greco,Odeon,Acoustic,,12-26 Acoustic,,,,
Carlos Gardel,Carlos Gardel,Misterio,,Tango,1924,Carlos Gardel,Hugo Ricardo Baralís,Carlos Camba,Odeon,Acoustic,,12-26 Acoustic,,,,
Carlos Gardel,Carlos Gardel,Mia,,Tango,1924,Carlos Gardel,José Bohr,Juan A. Caruso,Odeon,Acoustic,,12-26 Acoustic,,,,
Carlos Gardel,Carlos Gardel,La garconniere,,Tango,1924,Carlos Gardel,Francisco Canaro,Juan A. Caruso,Odeon,Acoustic,,12-26 Acoustic,,,,
Carlos Gardel,Carlos Gardel,No le digas que la quiero,,Tango,1924,Carlos Gardel,Enrique Delfino,Alberto Vacarezza,Odeon,Acoustic,,12-26 Acoustic,,,,
Carlos Gardel,Carlos Gardel,Hollin,,Tango,1924,Carlos Gardel,José María Rizzutti,Amadeo Canale,Odeon,Acoustic,,12-26 Acoustic,,,,
Carlos Gardel,Carlos Gardel,La mentirosa,,Tango,1924,Carlos Gardel,Anselmo Aieta,Francisco García Jiménez,Odeon,Acoustic,,12-26 Acoustic,,,,
Carlos Gardel,Carlos Gardel,Por un tango,,Tango,1924,Carlos Gardel,Guillermo Barbieri,Guillermo Barbieri,Odeon,Acoustic,,12-26 Acoustic,,,,
Carlos Gardel,Carlos Gardel,Destino,,Tango,1924,Carlos Gardel,Antonio Polito,Anibal J. Imperiale,Odeon,Acoustic,,12-26 Acoustic,,,,
Carlos Gardel,Carlos Gardel,Todo corazón,,Tango,1924,Carlos Gardel,Julio De Caro,José Maria Ruffet,Odeon,Acoustic,,12-26 Acoustic,,,,
Carlos Gardel,Carlos Gardel,Beso ingrato,,Tango,1924,Carlos Gardel,Rafael Tuegols,Carlos Camba,Odeon,Acoustic,,12-26 Acoustic,,,,
Carlos Gardel,Carlos Gardel,Beso ingrato,,Tango,1924,Carlos Gardel,Rafael Tuegols,Carlos Camba,Odeon,Acoustic,,12-26 Acoustic,,,,
Carlos Gardel,Carlos Gardel,Si supieras (la cumparsita),,Tango,1924,Carlos Gardel,Gerardo Matos Rodríguez,Pascual Contursi y Enrique Pedro Maroni,Odeon,Acoustic,,12-26 Acoustic,,,,
Carlos Gardel,Carlos Gardel,Aromas,,Tango,1924,Carlos Gardel,Osvaldo Fresedo,Emilio Fresedo,Odeon,Acoustic,,12-26 Acoustic,,,,
Carlos Gardel,Carlos Gardel,Tesorito,,Tango,1924,Carlos Gardel,Adolfo Avilés,Juan A. Caruso,Odeon,Acoustic,,12-26 Acoustic,,,,
Carlos Gardel,Carlos Gardel,El olvido,,Tango,1924,Carlos Gardel,Antonio Scatasso y Domingo Julio Vivas,Carlos Ponciano Cabral,Odeon,Acoustic,,12-26 Acoustic,,,,
Carlos Gardel,Carlos Gardel,Sin madre,,Tango,1924,Carlos Gardel,Alfredo Eusebio Gobbi,Alfredo Eusebio Gobbi,Odeon,Acoustic,,12-26 Acoustic,,,,
Carlos Gardel,Carlos Gardel,Por el camino,,Tango,1925,Carlos Gardel,José Bohr,José Gonzalez Castillo,Odeon,Acoustic,,12-26 Acoustic,,,,
Carlos Gardel,Carlos Gardel,Galleguita,,Tango,1925,Carlos Gardel,Horacio Pettorossi,Alfredo Navarrine,Odeon,Acoustic,,12-26 Acoustic,,,,
Carlos Gardel,Carlos Gardel,El once,,Tango,1925,Carlos Gardel,Osvaldo y Emilio Fresedo,Osvaldo y Emilio Fresedo,Odeon,Acoustic,,12-26 Acoustic,,,,
Carlos Gardel,Carlos Gardel,Sentimiento gaucho,,Tango,1925,Carlos Gardel,Francisco y Rafael Canaro,Juan A. Caruso,Odeon,Acoustic,,12-26 Acoustic,,,,
Carlos Gardel,Carlos Gardel,Amigazo,,Tango,1925,Carlos Gardel,Juan de Dios Filiberto,Francisco Brancati y Julian Velich,Odeon,Acoustic,,12-26 Acoustic,,,,
Carlos Gardel,Carlos Gardel,Añorando,,Tango,1925,Carlos Gardel,Lorenzo C.Spinetto,Lorenzo C.Spinetto,Odeon,Acoustic,,12-26 Acoustic,,,,
Carlos Gardel,Carlos Gardel,Por ultima vez,,Tango,1925,Carlos Gardel,Carlos Pibernat,Francisco Bohigas,Odeon,Acoustic,,12-26 Acoustic,,,,
Carlos Gardel,Carlos Gardel,Pa'que te acordes,,Tango,1925,Carlos Gardel,Francisco Lomuto,Andrés Seitún,Odeon,Acoustic,,12-26 Acoustic,,,,
Carlos Gardel,Carlos Gardel,Caminito del taller,,Tango,1925,Carlos Gardel,Cátulo Castillo,Cátulo Castillo,Odeon,Acoustic,,12-26 Acoustic,,,,
Carlos Gardel,Carlos Gardel,Mala,,Tango,1925,Carlos Gardel,Emilio Iribarne y Víctor Troysi,Juan Andrés Caruso,Odeon,Acoustic,,12-26 Acoustic,,,,
Carlos Gardel,Carlos Gardel,Tuyo,,Tango,1925,Carlos Gardel,Rolando Angeletti,Rolando Angeletti,Odeon,Acoustic,,12-26 Acoustic,,,,
Carlos Gardel,Dúo Gardel - Razzano,La cuyanita,,Tango,1925,Carlos Gardel,René Ruiz y Alberto Acuña,René Ruiz y Alberto Acuña,Odeon,Acoustic,,12-26 Acoustic,,,,
Carlos Gardel,Carlos Gardel,Caricias,,Tango,1925,Carlos Gardel,Maria I. Godard,Juan Andrés Caruso,Odeon,Acoustic,,12-26 Acoustic,,,,
Carlos Gardel,Carlos Gardel,Organito de la tarde,,Tango,1925,Carlos Gardel,Cátulo Castillo,Jose González Castillo,Odeon,Acoustic,,12-26 Acoustic,,,,
Carlos Gardel,Carlos Gardel,Oro y seda,,Tango,1925,Carlos Gardel,Osvaldo Fresedo,Amadeo Canale,Odeon,Acoustic,,12-26 Acoustic,,,,
Carlos Gardel,Carlos Gardel,Mano Mora,,Tango,1925,Carlos Gardel,Luis Teisseire,Jaime Lloret,Odeon,Acoustic,,12-26 Acoustic,,,,
Carlos Gardel,Carlos Gardel,Aquella noche,,Tango,1925,Carlos Gardel,Julio de Caro,Carlos González Illescas,Odeon,Acoustic,,12-26 Acoustic,,,,
Carlos Gardel,Carlos Gardel,Puentecito,,Tango,1925,Carlos Gardel,José Servidio,Juan A. Caruso,Odeon,Acoustic,,12-26 Acoustic,,,,
Carlos Gardel,Carlos Gardel,Mi guitarra,,Tango,1925,Carlos Gardel,Domingo Greco,Juan Andrés Caruso,Odeon,Acoustic,,12-26 Acoustic,,,,
Carlos Gardel,Carlos Gardel,Guamini,,Tango,1925,Carlos Gardel,Guillermo D. Barbieri,Eugenio Cárdenas,Odeon,Acoustic,,12-26 Acoustic,,,,
Carlos Gardel,Carlos Gardel,Pasan las horas,,Vals,1925,Carlos Gardel,"Carlos Camba, El Hombre Pentagrama","Carlos Camba, El Hombre Pentagrama",Odeon,Acoustic,,12-26 Acoustic,,,,
Carlos Gardel,Carlos Gardel,Flor de cardo,,Tango,1925,Carlos Gardel,Miguel Correa,Eugenio Cárdenas,Odeon,Acoustic,,12-26 Acoustic,,,,
Carlos Gardel,Carlos Gardel,Maniqui,,Tango,1925,Carlos Gardel,Carlos V. Geroni Flores,Enrique Dizeo,Odeon,Acoustic,,12-26 Acoustic,,,,
Carlos Gardel,Carlos Gardel,Trapito,,Tango,1925,Carlos Gardel,José y Luis Servidio,Eugenio Cárdenas,Odeon,Acoustic,,12-26 Acoustic,,,,
Carlos Gardel,Dúo Gardel - Razzano,"Llora, corazón",,Vals,1925,Carlos Gardel y José Razzano,Horacio Pettorossi,Horacio Pettorossi,Odeon,Acoustic,,12-26 Acoustic,,,,
Carlos Gardel,Carlos Gardel,Volveme el cariño,,Vals,1925,Carlos Gardel,Emilio Iribarne,Atilio Supparo,Odeon,Acoustic,,12-26 Acoustic,,,,
Carlos Gardel,Carlos Gardel,Acuarelita de arrabal,,Tango,1925,Carlos Gardel,Cátulo Castillo,José González Castillo,Odeon,Acoustic,,12-26 Acoustic,,,,
Carlos Gardel,Carlos Gardel,Silbando,,Tango,1925,Carlos Gardel,Cátulo Castillo y Sebastián Piana,José González Castillo,Odeon,Acoustic,,12-26 Acoustic,,,,
Carlos Gardel,Carlos Gardel,Por el llano,,Tango,1925,Carlos Gardel,Rafael Rossi,Eugenio Cárdenas,Odeon,Acoustic,,12-26 Acoustic,,,,
Carlos Gardel,Carlos Gardel,Mentiras,,Tango,1925,Carlos Gardel,Luis Minervini,Francisco García Jiménez,Odeon,Acoustic,,12-26 Acoustic,,,,
Carlos Gardel,Carlos Gardel,Pobre munequita,,Tango,1925,Carlos Gardel,"Emilio Iribarne, Víctor Troysi y Emilio Sola",Atilio Supparo,Odeon,Acoustic,,12-26 Acoustic,,,,
Carlos Gardel,Carlos Gardel,"¡Oh, penas mias!",,Tango,1925,Carlos Gardel,Manuel Cuesta Silva,Manuel Cuesta Silva,Odeon,Acoustic,,12-26 Acoustic,,,,
Carlos Gardel,Carlos Gardel,Cicatrices,,Tango,1925,Carlos Gardel,Adolfo Avilés,Enrique Maroni,Odeon,Acoustic,,12-26 Acoustic,,,,
Carlos Gardel,Carlos Gardel,Langosta,,Tango,1925,Carlos Gardel,Juan de Dios Filiberto,Juan Andrés Bruno,Odeon,Acoustic,,12-26 Acoustic,,,,
Carlos Gardel,Carlos Gardel,Soñando,,Tango,1925,Carlos Gardel,Paquita Bernardo,Eugenio Cárdenas,Odeon,Acoustic,,12-26 Acoustic,,,,
Carlos Gardel,Carlos Gardel,Tus violetas,,Tango,1925,Carlos Gardel,Guillermo Barbieri,Guillermo Barbieri,Odeon,Acoustic,,12-26 Acoustic,,,,
Carlos Gardel,Carlos Gardel,Tango porteño,,Tango,1925,Carlos Gardel,Francisco Pracánico,Manuel Romero,Odeon,Acoustic,,12-26 Acoustic,,,,
Carlos Gardel,Carlos Gardel,Por ella,,Tango,1925,Carlos Gardel,Luis Teisseire,Juan A. Caruso,Odeon,Acoustic,,12-26 Acoustic,,,,
Carlos Gardel,Carlos Gardel,Callecita de mi barrio,,Tango,1925,Carlos Gardel,Alberto Laporte y Otello Gasparini,Enrique Maroni,Odeon,Acoustic,,12-26 Acoustic,,,,
Carlos Gardel,Carlos Gardel,El alma de la calle,,Tango,8/1/1926,Carlos Gardel,Raul de los Hoyos,Jose Agustin Ferreyra,Odeon,78rpm,,,,,,
Carlos Gardel,Carlos Gardel,Desilusión,,Tango,8/1/1926,Carlos Gardel,José María Rizzuti,Julio Bonnet,Odeon,78rpm,,,,,,
Carlos Gardel,Carlos Gardel,Chola,,Tango,8/1/1926,Carlos Gardel,Antonio Polito,Enrique Pedro Maroni,Odeon,78rpm,,,,,,
Carlos Gardel,Carlos Gardel,Corazón de arrabal,,Tango,8/1/1926,Carlos Gardel,Manuel Joves,Manuel Romero,Odeon,78rpm,,,,,,
Carlos Gardel,Carlos Gardel,El tatuaje,,Tango,9/1/1926,Carlos Gardel,Rafael Iriarte,Francisco Brancatti,Odeon,78rpm,,,,,,
Carlos Gardel,Carlos Gardel,Malevito,,Tango,9/1/1926,Carlos Gardel,Pedro Mario Mafia,Celedonio Esteban Flores,Odeon,78rpm,,,,,,
Carlos Gardel,Carlos Gardel,Dolor,,Tango,9/1/1926,Carlos Gardel,Teodoro Diez Cepeda,Jose Manuel Perez Moris,Odeon,78rpm,,,,,,
Carlos Gardel,Carlos Gardel,Trago amargo,,Tango,9/1/1926,Carlos Gardel,Rafael Iriarte,Julio Navarrine,Odeon,78rpm,,,,,,
Carlos Gardel,Carlos Gardel,Mi querer,,Tango,1926,Carlos Gardel,Manlio Francia,Juan Andrés Caruso,Odeon,Acoustic,,12-26 Acoustic,,,,
Carlos Gardel,Carlos Gardel,Trago amargo,,Tango,1926,Carlos Gardel,Rafael Iriarte,Julio Navarrine,Odeon,Acoustic,,12-26 Acoustic,,,,
Carlos Gardel,Carlos Gardel,Oiga amigo,,Tango,1926,Carlos Gardel,Julio Navarrine,Alfredo Navarrine,Odeon,Acoustic,,12-26 Acoustic,,,,
Carlos Gardel,Carlos Gardel,El alma de la calle,,Tango,1926,Carlos Gardel,Raúl de los Hoyos,José A. Ferreyra,Odeon,Acoustic,,12-26 Acoustic,,,,
Carlos Gardel,Carlos Gardel,Maldita visión,,Tango,1926,Carlos Gardel,Manlio Francia,José Carlos Barros,Odeon,Acoustic,,12-26 Acoustic,,,,
Carlos Gardel,Carlos Gardel,El bulin de la calle Ayacacucho,,Tango,1926,Carlos Gardel,José y Luis Servidio,Celedonio Flores,Odeon,Acoustic,,12-26 Acoustic,,,,
Carlos Gardel,Carlos Gardel,El brujo,,Tango,1926,Carlos Gardel,Juan Carlos Bazan,Eduardo Carrasquilla Mallarino,Odeon,Acoustic,,12-26 Acoustic,,,,
Carlos Gardel,Carlos Gardel,Tiempos viejos (Te acordás hermano),,Tango,1926,Carlos Gardel,Francisco Canaro,Manuel Romero,Odeon,Acoustic,,12-26 Acoustic,,,,
Carlos Gardel,Carlos Gardel,El tatuaje,,Tango,1926,Carlos Gardel,Rafael Iriarte,Francisco Brancatti,Odeon,Acoustic,,12-26 Acoustic,,,,
Carlos Gardel,Carlos Gardel,Caferata,,Tango,1926,Carlos Gardel,Antonio Scatasso,Pascual Contursi,Odeon,Acoustic,,12-26 Acoustic,,,,
Carlos Gardel,Carlos Gardel,La he visto con otro,,Tango,1926,Carlos Gardel,Antonio Scatasso,Pascual Contursi,Odeon,Acoustic,,12-26 Acoustic,,,,
Carlos Gardel,Carlos Gardel,La tristeza del bulín,,Tango,1926,Carlos Gardel,Antonio Scatasso,Luis Pedro Roldan,Odeon,Acoustic,,12-26 Acoustic,,,,
Carlos Gardel,Carlos Gardel,Desilusión,,Tango,1926,Carlos Gardel,José María Rizzuti,Julio Bonnet,Odeon,Acoustic,,12-26 Acoustic,,,,
Carlos Gardel,Carlos Gardel,No te quiero más,,Tango,1926,Carlos Gardel,Juan Bauer,Juan Antonio Estape,Odeon,Acoustic,,12-26 Acoustic,,,,
Carlos Gardel,Carlos Gardel,Copen la banca,,Tango,1926,Carlos Gardel,Juan Maglio,Enrique Dizeo,Odeon,Acoustic,,12-26 Acoustic,,,,
Carlos Gardel,Carlos Gardel,Chola,,Tango,1926,Carlos Gardel,Antonio Polito,Enrique Pedro Maroni,Odeon,Acoustic,,12-26 Acoustic,,,,
Carlos Gardel,Carlos Gardel,Tus besos fueron míos,,Tango,1926,Carlos Gardel,Anselmo Aieta,Francisco García Jiménez,Odeon,Acoustic,,12-26 Acoustic,,,,
Carlos Gardel,Carlos Gardel,Siga el corso,,Tango,1926,Carlos Gardel,Anselmo Aieta,Francisco García Jiménez,Odeon,Acoustic,,12-26 Acoustic,,,,
Carlos Gardel,Carlos Gardel,Se fue Mateo,,Tango,1926,Carlos Gardel,Antonio De Bassi,Alfredo Enrique Bertonasco,Odeon,Acoustic,,12-26 Acoustic,,,,
Carlos Gardel,Carlos Gardel,Bésame en la boca,,Tango,1926,Carlos Gardel,José María Rizzutti,Eduardo Calvo,Odeon,Acoustic,,12-26 Acoustic,,,,
Carlos Gardel,Carlos Gardel,Tu mirada,,Tango,1926,Carlos Gardel,Juan Rosito,Eugenio Cárdenas,Odeon,Acoustic,,12-26 Acoustic,,,,
Carlos Gardel,Carlos Gardel,La milonga,,Tango,1926,Carlos Gardel,Rafael Rossi,Eugenio Cárdenas,Odeon,Acoustic,,12-26 Acoustic,,,,
Carlos Gardel,Carlos Gardel,Por que no has venido,,Tango,1926,Carlos Gardel,Pedro Mario Mafia,Julio Navarrine,Odeon,Acoustic,,12-26 Acoustic,,,,
Carlos Gardel,Carlos Gardel,Caminito,,Tango,1926,Carlos Gardel,Juan De Dios Filiberto,Gabino Coria Peñaloza,Odeon,Acoustic,,12-26 Acoustic,,,,
Carlos Gardel,Carlos Gardel,Yo te bendigo,,Tango,1926,Carlos Gardel,Juan de Dios Filiberto,Juan Andrés Bruno,Odeon,Acoustic,,12-26 Acoustic,,,,
Carlos Gardel,Carlos Gardel,Pobre chica,,Tango,1926,Carlos Gardel,Osvaldo Fresedo,Emilio Fresedo,Odeon,Acoustic,,12-26 Acoustic,,,,
Carlos Gardel,Carlos Gardel,Calandria,,Tango,1926,Carlos Gardel,Luis Teisseire,Juan Andrés Caruso,Odeon,Acoustic,,12-26 Acoustic,,,,
Carlos Gardel,Carlos Gardel,Juguete de placer,,Tango,1926,Carlos Gardel,Catulo Castillo,José González Castillo,Odeon,Acoustic,,12-26 Acoustic,,,,
Carlos Gardel,Carlos Gardel,Nena,,Tango,1926,Carlos Gardel,Ciriaco Ortiz,Juan Carlos Bazán,Odeon,Acoustic,,12-26 Acoustic,,,,
Carlos Gardel,Carlos Gardel,Ave sin rumbo,,Tango,1926,Carlos Gardel,Carlos Gardel y José Razzano,Eugenio Cárdenas,Odeon,Acoustic,,12-26 Acoustic,,,,
Carlos Gardel,Carlos Gardel,Aquel cuartito de la pensión,,Tango,1926,Carlos Gardel,Raúl de los Hoyos,Carlos Max Viale,Odeon,Acoustic,,12-26 Acoustic,,,,
Carlos Gardel,Carlos Gardel,Noches de Colón,,Tango,1926,Carlos Gardel,Raúl de los Hoyos,Roberto Lino Cayol,Odeon,Acoustic,,12-26 Acoustic,,,,
Carlos Gardel,Carlos Gardel,Mocosita,,Tango,1926,Carlos Gardel,Gerardo Hernán Matos Rodríguez,Victor Soliño,Odeon,Acoustic,,12-26 Acoustic,,,,
Carlos Gardel,Carlos Gardel,A media noche,,Tango,1926,Carlos Gardel,Juan Maglio,Enrique Dizeo,Odeon,Acoustic,,12-26 Acoustic,,,,
Carlos Gardel,Carlos Gardel,Una lágrima,,Tango,1926,Carlos Gardel,Nicolás Verona,Eugenio Cárdenas,Odeon,Acoustic,,12-26 Acoustic,,,,
Carlos Gardel,Carlos Gardel,Intimas,,Tango,1926,Carlos Gardel,Alfonso Ramiro Lacueva,Ricardo Luis Brignolo,Odeon,Acoustic,,12-26 Acoustic,,,,
Carlos Gardel,Carlos Gardel,Oro muerto (Jirón porteño),,Tango,1926,Carlos Gardel,Juan Raggi,Julio Plácido Navarrine,Odeon,Acoustic,,12-26 Acoustic,,,,
Carlos Gardel,Carlos Gardel,A media luz,,Tango,1926,Carlos Gardel,Edgardo Donato,Carlos César Lenzi,Odeon,Acoustic,,12-26 Acoustic,,,,
Carlos Gardel,Carlos Gardel,Pa'que más,,Tango,1926,Carlos Gardel,José Ceglie,Atilio Supparo,Odeon,Acoustic,,12-26 Acoustic,,,,
Carlos Gardel,Carlos Gardel,Rosas rojas,,Tango,1926,Carlos Gardel,Francisco Lomuto,Andrés Lorenzo Seitún,Odeon,Acoustic,,12-26 Acoustic,,,,
Carlos Gardel,Carlos Gardel,Que linda es la vida,,Vals,1926,Carlos Gardel,Cristino Tapia,Cristino Tapia,Odeon,Acoustic,,12-26 Acoustic,,,,
Carlos Gardel,Carlos Gardel,Coquetita,,Tango,1926,Carlos Gardel,"Rafael Giovinazzi, Juan B. Guido",Enrique Iacobelli,Odeon,Acoustic,,12-26 Acoustic,,,,
Carlos Gardel,Carlos Gardel,Muñeca,,Tango,1926,Carlos Gardel,Enrique Lomuto,Luis Isaac de Tejeria,Odeon,Acoustic,,12-26 Acoustic,,,,
Carlos Gardel,Carlos Gardel,Francia,,Tango,1926,Carlos Gardel,Juan A. Caruso,Samuel Castriota,Odeon,Acoustic,,12-26 Acoustic,,,,
Carlos Gardel,Carlos Gardel,Pobre corazón mio,,Tango,1926,Carlos Gardel,Antonio Scatasso,Pascual Contursi,Odeon,Acoustic,,12-26 Acoustic,,,,
Carlos Gardel,Carlos Gardel,Calavera viejo,,Tango,1926,Carlos Gardel,Carlos Gardel y José Razzano,Carlos Gardel y José Razzano,Odeon,Acoustic,,12-26 Acoustic,,,,
Carlos Gardel,Carlos Gardel,¡Señor!,,Tango,1926,Carlos Gardel,Enrique Maciel,Francisco Brancatti,Odeon,Acoustic,,12-26 Acoustic,,,,
Carlos Gardel,Carlos Gardel,Cariñito mio,,Tango,1926,Carlos Gardel,Francisco Isidro y Emilio Martino,Francisco Isidro y Emilio Martino,Odeon,Acoustic,,12-26 Acoustic,,,,
Carlos Gardel,Carlos Gardel,El ciruja,,Tango,1926,Carlos Gardel,Ernesto de la Cruz,Francisco Alfredo Marino,Odeon,Acoustic,,12-26 Acoustic,,,,
Carlos Gardel,Carlos Gardel,Mi diosa,,Tango,26/11/1926,Carlos Gardel,Francisco De Caro,José Pedro de Grandis,Odeon,78rpm,,26-27 Early Electric,,,,
Carlos Gardel,Carlos Gardel,Del barrio de las latas,,Tango,26/11/1926,Carlos Gardel,Raúl de los Hoyos,Emilio Augusto Oscar Fresedo,Odeon,78rpm,,26-27 Early Electric,,,,
Carlos Gardel,Carlos Gardel,Calavera viejo,,Tango,10/11/1926,Carlos Gardel,Carlos Gardel y José Razzano,Carlos Gardel y José Razzano,Odeon,78rpm,,26-27 Early Electric,,,,
Carlos Gardel,Carlos Gardel,Calavera viejo,,Tango,12/11/1926,Carlos Gardel,Carlos Gardel y José Razzano,Carlos Gardel y José Razzano,Odeon,78rpm,,26-27 Early Electric,,,,
Carlos Gardel,Carlos Gardel,Del barrio de las latas,,Tango,15/11/1926,Carlos Gardel,Raúl de los Hoyos,Emilio Augusto Oscar Fresedo,Odeon,78rpm,,26-27 Early Electric,,,,
Carlos Gardel,Carlos Gardel,No me tires con la tapa de la olla,,Tango,15/11/1926,Carlos Gardel,Antonio Scatasso,Alberto Vacarezza,Odeon,78rpm,,26-27 Early Electric,,,,
Carlos Gardel,Carlos Gardel,Ya pa'que,,Tango,3/2/1927,Carlos Gardel,Rafael Iriarte,Atilio Supparo,Odeon,78rpm,,26-27 Early Electric,,,,
Carlos Gardel,Carlos Gardel,Ansias de amor,,Tango,3/2/1927,Carlos Gardel,Guillermo D. Barbieri,Guillermo D. Barbieri,Odeon,78rpm,,26-27 Early Electric,,,,
Carlos Gardel,Carlos Gardel,Normiña,,Tango,3/2/1927,Carlos Gardel,Eduardo Arman,Francisco Antonio Capone,Odeon,78rpm,,26-27 Early Electric,,,,
Carlos Gardel,Carlos Gardel,Llora hermano,,Tango,3/2/1927,Carlos Gardel,Enrique Lomuto,Augusto Espinosa,Odeon,78rpm,,26-27 Early Electric,,,,
Carlos Gardel,Carlos Gardel,Gorriones,,Tango,3/2/1927,Carlos Gardel,Eduardo Pereyra,Celedonio Esteban Flores,Odeon,78rpm,,26-27 Early Electric,,,,
Carlos Gardel,Carlos Gardel,Paginas de amor,,Tango,6/2/1927,Carlos Gardel,José González Castillo,Luis Riccardi,Odeon,78rpm,,26-27 Early Electric,,,,
Carlos Gardel,Carlos Gardel,Ansias de amor,,Tango,6/2/1927,Carlos Gardel,Guillermo D. Barbieri,Guillermo D. Barbieri,Odeon,78rpm,,26-27 Early Electric,,,,
Carlos Gardel,Carlos Gardel,Perdonada,,Tango,6/2/1927,Carlos Gardel,Eugenio Cárdenas,Rafael Rossi,Odeon,78rpm,,26-27 Early Electric,,,,
Carlos Gardel,Carlos Gardel,Compañero,,Tango,6/2/1927,Carlos Gardel,Enrique P. Maroni,Juan de Dios Filiberto,Odeon,78rpm,,26-27 Early Electric,,,,
Carlos Gardel,Carlos Gardel,Perdonada,,Tango,17/2/1927,Carlos Gardel,Rafael Rossi,Eugenio Cárdenas,Odeon,78rpm,,26-27 Early Electric,,,,
Carlos Gardel,Carlos Gardel,Paginas de amor,,Tango,17/2/1927,Carlos Gardel,José González Castillo,Luis Riccardi,Odeon,78rpm,,26-27 Early Electric,,,,
Carlos Gardel,Carlos Gardel,Abuelito,,Tango,18/2/1927,Carlos Gardel,Alberto Nicolás Laporte,Eduardo Salvador Trongué - Carlos P. Cabral,Odeon,78rpm,,26-27 Early Electric,,,,
Carlos Gardel,Carlos Gardel,Compañero,,Tango,18/02/1927,Carlos Gardel,Enrique P. Maroni,Juan de Dios Filiberto,Odeon,78rpm,,26-27 Early Electric,,,,
Carlos Gardel,Carlos Gardel,Pan comido,,Tango,18/2/1927,Carlos Gardel,Ismael Gómez,Enrique Dizeo,Odeon,78rpm,,26-27 Early Electric,,,,
Carlos Gardel,Carlos Gardel,Barrio reo,,Tango,18/2/1927,Carlos Gardel,Roberto Fugazot,Alfredo Navarrine,Odeon,78rpm,,26-27 Early Electric,,,,
Carlos Gardel,Carlos Gardel,¿Por dónde andará?,,Tango,18/2/1927,Carlos Gardel,Salvador Merico,Atilio Supparo,Odeon,78rpm,,26-27 Early Electric,,,,
Carlos Gardel,Carlos Gardel,Y era buena,,Tango,18/2/1927,Carlos Gardel,Virgilio Ramón Carmona,Virgilio Ramón Carmona,Odeon,78rpm,,26-27 Early Electric,,,,
Carlos Gardel,Carlos Gardel,¿Por dónde andará?,,Tango,12/3/1927,Carlos Gardel,Salvador Merico,Atilio Supparo,Odeon,78rpm,,26-27 Early Electric,,,,
Carlos Gardel,Carlos Gardel,Sos de Chiclana,,Tango,12/3/1927,Carlos Gardel,Rafael Rossi,Alfredo y Julio Navarrine,Odeon,78rpm,,26-27 Early Electric,,,,
Carlos Gardel,Carlos Gardel,La violetera,,Tango,12/3/1927,Carlos Gardel,Anselmo Aieta,Francisco García Jiménez,Odeon,78rpm,,26-27 Early Electric,,,,
Carlos Gardel,Carlos Gardel,Sos de Chiclana,,Tango,30/3/1927,Carlos Gardel,Rafael Rossi,Alfredo y Julio Navarrine,Odeon,78rpm,,26-27 Early Electric,,,,
Carlos Gardel,Carlos Gardel,Bulincito de mi vida,,Tango,30/3/1927,Carlos Gardel,Lorenzo Spinetto (Lorenzo Caetta),Lorenzo Spinetto (Lorenzo Caetta),Odeon,78rpm,,26-27 Early Electric,,,,
Carlos Gardel,Carlos Gardel,Carnaval,,Tango,30/3/1927,Carlos Gardel,Anselmo Aieta,Francisco García Jiménez,Odeon,78rpm,,26-27 Early Electric,,,,
Carlos Gardel,Carlos Gardel,Se acabaron los otarios,,Tango,30/3/1927,Carlos Gardel,Francisco Canaro,Juan Caruso,Odeon,78rpm,,26-27 Early Electric,,,,
Carlos Gardel,Carlos Gardel,"Che, Mariano",,Tango,30/3/1927,Carlos Gardel,Pascual Domingo Mazzeo,Alfonso Tagle Lara,Odeon,78rpm,,26-27 Early Electric,,,,
Carlos Gardel,Carlos Gardel,Noche fría,,Tango,5/5/1927,Carlos Gardel,,,Odeon,78rpm,,26-27 Early Electric,,,,
Carlos Gardel,Carlos Gardel,Federación,,Tango,5/5/1927,Carlos Gardel,Francisco Canaro y Luis Riccardi,Juan Caruso,Odeon,78rpm,,26-27 Early Electric,,,,
Carlos Gardel,Carlos Gardel,Besos que matan,,Tango,5/5/1927,Carlos Gardel,Guillermo Barbieri,Eugenio Cárdenas (Asencio Eugenio Rodríguez),Odeon,78rpm,,26-27 Early Electric,,,,
Carlos Gardel,Carlos Gardel,Insomnio,,Tango,5/5/1927,Carlos Gardel,Américo Chiriff,"José Alonso y Trelles, El Viejo Pancho",Odeon,78rpm,,26-27 Early Electric,,,,
Carlos Gardel,Carlos Gardel,Arrabalero,,Tango,5/5/1927,Carlos Gardel,Osvaldo Fresedo,Eduardo Calvo,Odeon,78rpm,,26-27 Early Electric,,,,
Carlos Gardel,Carlos Gardel,Se acabaron los otarios,,Tango,27/05/1927,Carlos Gardel,Francisco Canaro,Juan Caruso,Odeon,78rpm,,26-27 Early Electric,,,,
Carlos Gardel,Carlos Gardel,Besos que matan,,Tango,27/5/1927,Carlos Gardel,Guillermo Barbieri,Eugenio Cárdenas (Asencio Eugenio Rodríguez),Odeon,78rpm,,26-27 Early Electric,,,,
Carlos Gardel,Carlos Gardel,Muñeca de carne,,Tango,27/5/1927,Carlos Gardel,Juan Bautista Guido,Francisco Antonio Capone,Odeon,78rpm,,26-27 Early Electric,,,,
Carlos Gardel,Carlos Gardel,"¡Araca, corazón!",,Tango,27/5/1927,Carlos Gardel,Enrique Delfino,Alberto Vacccarezza,Odeon,78rpm,,26-27 Early Electric,,,,
Carlos Gardel,Carlos Gardel,La última copa,,Tango,14/6/1927,Carlos Gardel,Francisco Canaro,Juan Caruso,Odeon,78rpm,,26-27 Early Electric,,,,
Carlos Gardel,Carlos Gardel,La entrerriana,,Vals,21/6/1927,Carlos Gardel,Alfredo Gobbi,Alfredo Gobbi,Odeon,78rpm,,26-27 Early Electric,,,,
Carlos Gardel,Carlos Gardel,Mala entraña,,Tango,21/6/1927,Carlos Gardel,Enrique Maciel,Celedonio Flores,Odeon,78rpm,,26-27 Early Electric,,,,
Carlos Gardel,Carlos Gardel,Muchachos me caso,,Tango,21/6/1927,Carlos Gardel,Luis Martini,Luis Roldán,Odeon,78rpm,,26-27 Early Electric,,,,
Carlos Gardel,Carlos Gardel,El poncho del amor,,Tango,8/7/1927,Carlos Gardel,Antonio Scatasso,Alberto Vaccarezza,Odeon,78rpm,,26-27 Early Electric,,,,
Carlos Gardel,Carlos Gardel,Ventanita de arrabal,,Tango,8/7/1927,Carlos Gardel,Antonio Scatasso,Pascual Contursi,Odeon,78rpm,,26-27 Early Electric,,,,
Carlos Gardel,Carlos Gardel,Un tropezón,,Tango,8/7/1927,Carlos Gardel,Raúl de los Hoyos,Luis Bayón Herrera,Odeon,78rpm,,26-27 Early Electric,,,,
Carlos Gardel,Carlos Gardel,Gimiendo,,Tango,8/7/1927,Carlos Gardel,Luis Cluzeau Mortet,Juan Pablo Pérez,Odeon,78rpm,,26-27 Early Electric,,,,
Carlos Gardel,Carlos Gardel,A la luz del candil,,Tango,20/7/1927,Carlos Gardel,Carlos V. Geroni Flores,Julio Navarrine,Odeon,78rpm,,26-27 Early Electric,,,,
Carlos Gardel,Carlos Gardel,Micifuz,,Tango,20/7/1927,Carlos Gardel,Adolfo Rafael Avilés,Enrique Maroni,Odeon,78rpm,,26-27 Early Electric,,,,
Carlos Gardel,Carlos Gardel,Rosas de abril,,Vals,20/7/1927,Carlos Gardel,Rafael Rossi,Eugenio Cárdenas,Odeon,78rpm,,26-27 Early Electric,,,,
Carlos Gardel,Carlos Gardel,Un tropezón,,Tango,22/7/1927,Carlos Gardel,Raúl de los Hoyos,Luis Bayón Herrera,Odeon,78rpm,,26-27 Early Electric,,,,
Carlos Gardel,Carlos Gardel,Amurado,,Tango,22/7/1927,Carlos Gardel,Pedro Mario Maffia - Pedro Blanco Laurenz,José Pedro de Grandis,Odeon,78rpm,,26-27 Early Electric,,,,
Carlos Gardel,Carlos Gardel,Isla de flores,,Tango,22/7/1927,Carlos Gardel,Arturo Senez,Tomás Machado,Odeon,78rpm,,26-27 Early Electric,,,,
Carlos Gardel,Carlos Gardel,Yo te imploro (El trovero),,Vals,22/7/1927,Carlos Gardel,Rafael Tuegols,Agustín Irusta,Odeon,78rpm,,26-27 Early Electric,,,,
Carlos Gardel,Carlos Gardel,Caminito,,Tango,29/7/1927,Carlos Gardel,Juan de Dios Filiberto,Gabino Coria Peñaloza,Odeon,78rpm,,26-27 Early Electric,,,,
Carlos Gardel,Carlos Gardel,Una tarde,,Tango,29/7/1927,Carlos Gardel,Agesilao Ferrazzano y Julio Faya Pollero,Benjamín Tagle Lara,Odeon,78rpm,,26-27 Early Electric,,,,
Carlos Gardel,Carlos Gardel,Salto mortal,,Tango,30/7/1927,Carlos Gardel,Domingo Julio Vivas,Juan Florencio Mazzaroni,Odeon,78rpm,,26-27 Early Electric,,,,
Carlos Gardel,Carlos Gardel,Caminito,,Tango,20/8/1927,Carlos Gardel,Juan de Dios Filiberto,Gabino Coria Peñaloza,Odeon,78rpm,,26-27 Early Electric,,,,
Carlos Gardel,Carlos Gardel,Farolito viejo,,Tango,20/8/1927,Carlos Gardel,Luis Teisseire,José Eneas Riu,Odeon,78rpm,,26-27 Early Electric,,,,
Carlos Gardel,Carlos Gardel,La gayola,,Tango,20/8/1927,Carlos Gardel,Rafael Tuegols,Armando Tagini,Odeon,78rpm,,26-27 Early Electric,,,,
Carlos Gardel,Carlos Gardel,Gloria,,Tango,20/8/1927,Carlos Gardel,Humberto Canaro,Armando Tagini,Odeon,78rpm,,26-27 Early Electric,,,,
Carlos Gardel,Carlos Gardel,¿Cuándo volverás?,,Tango,9/1/1928,Carlos Gardel,Pedro Maffia,José Horacio Staffolani,Odeon,78rpm,,28-29 BA Recordings,,,,
Carlos Gardel,Carlos Gardel,Cotorrita de la suerte,,Tango,9/1/1928,Carlos Gardel,José de Franco,José de Grandis,Odeon,78rpm,,28-29 BA Recordings,,,,
Carlos Gardel,Carlos Gardel,Volve. mi negra,,Tango,9/1/1928,Carlos Gardel,José María Rizzuti,José Antonio Diez Gómez,Odeon,78rpm,,28-29 BA Recordings,,,,
Carlos Gardel,Carlos Gardel,¡Qué vachache!,,Tango,9/1/1928,Carlos Gardel,Enrique Santos Discepolo,Enrique Santos Discepolo,Odeon,78rpm,,28-29 BA Recordings,,,,
Carlos Gardel,Carlos Gardel,Asi canto yo,,Tango,9/1/1928,Carlos Gardel,Graciano de Leone,Eduardo EscarÍs Méndez,Odeon,78rpm,,28-29 BA Recordings,,,,
Carlos Gardel,Carlos Gardel,Puentecito de plata,,Tango,9/1/1928,Carlos Gardel,Francisco Canaro,Pascual Contursi,Odeon,78rpm,,28-29 BA Recordings,,,,
Carlos Gardel,Carlos Gardel,Meditando,,Tango,9/1/1928,Carlos Gardel,Hugo L'Eveque,Eugenio Cárdenas,Odeon,78rpm,,28-29 BA Recordings,,,,
Carlos Gardel,Carlos Gardel,El tabernero,,Tango,9/1/1928,Carlos Gardel,Fausto Frontera y Miguel Cafre,Raúl Costa Oliver y Miguel Cafre,Odeon,78rpm,,28-29 BA Recordings,,,,
Carlos Gardel,Carlos Gardel,Y reías como una loca,,Tango,9/1/1928,Carlos Gardel,"Eduardo «Chon"" Pereyra",José Ferreyra,Odeon,78rpm,,28-29 BA Recordings,,,,
Carlos Gardel,Carlos Gardel,De tardecita,,Tango,9/1/1928,Carlos Gardel,Nicolás Messutti,Carlos Álvarez Pintos,Odeon,78rpm,,28-29 BA Recordings,,,,
Carlos Gardel,Carlos Gardel,Allá en la ribera,,Tango,1928,Carlos Gardel,Carlos Camba,Carlos Camba,Odeon,78rpm,,28-29 Europe Recordings,,,,
Carlos Gardel,Carlos Gardel,"No te engañes, corazón",,Tango,15/12/1928,Carlos Gardel,Rodolfo Sciammarella,Rodolfo Sciammarella,Odeon,78rpm,,28-29 Europe Recordings,,,,
Carlos Gardel,Carlos Gardel,Tengo miedo,,Tango,15/12/1928,Carlos Gardel,Celedonio Flores,José María Aguilar,Odeon,78rpm,,28-29 Europe Recordings,,,,
Carlos Gardel,Carlos Gardel,Patadura,,Tango,15/12/1928,Carlos Gardel,Enrique Carrera Sotelo,José López Ares,Odeon,78rpm,,28-29 Europe Recordings,,,,
Carlos Gardel,Carlos Gardel,Aquel muchacho triste,,Tango,1928,Carlos Gardel,José de Grandis,José de Grandis,Odeon,78rpm,,28-29 Europe Recordings,,,,
Carlos Gardel,Carlos Gardel,Medianoche,,Tango,15/12/1928,Carlos Gardel,Eduardo Escarís Mendez,Nicolás Alberto Tavarozzi,Odeon,78rpm,,28-29 Europe Recordings,,,,
Carlos Gardel,Carlos Gardel,Todava hay otarios,,Tango,15/12/1928,Carlos Gardel,Héctor B. Behety,Manuel Pizarro,Odeon,78rpm,,28-29 Europe Recordings,,,,
Carlos Gardel,Carlos Gardel,Mano cruel,,Tango,15/12/1928,Carlos Gardel,Armando Tagini,Carmelo Muttarelli,Odeon,78rpm,,28-29 Europe Recordings,,,,
Carlos Gardel,Carlos Gardel,Farabute,,Tango,22/12/1928,Carlos Gardel,Antonio Casciani,Joaquín Barreiro,Odeon,78rpm,,28-29 Europe Recordings,,,,
Carlos Gardel,Carlos Gardel,Barrio viejo,,Tango,1928,Carlos Gardel,Eugenio Cárdenas,Guillermo Barbieri,Odeon,78rpm,,28-29 Europe Recordings,,,,
Carlos Gardel,Carlos Gardel,Y si la ves. dale un beso,,Tango,10/1/1928,Carlos Gardel,Carlos Camba,Carlos Camba,Odeon,78rpm,,28-29 Europe Recordings,,,,
Carlos Gardel,Carlos Gardel,La muchacha del circo,,Tango,1928,Carlos Gardel,Manuel Romero,Gerardo Matos Rodríguez,Odeon,78rpm,,28-29 Europe Recordings,,,,
Carlos Gardel,Carlos Gardel,Senda florida,,Tango,22/12/1928,Carlos Gardel,Eugenio Cárdenas,Rafael Rossí,Odeon,78rpm,,28-29 Europe Recordings,,,,
Carlos Gardel,Carlos Gardel,Añoranzas,,Vals,22/12/1928,Carlos Gardel,José María Aguilar,José María Aguilar,Odeon,78rpm,,28-29 Europe Recordings,,,,
Carlos Gardel,Carlos Gardel,Nelly,,Vals,22/12/1928,Carlos Gardel,Héctor y Luis Bates,Héctor y Luis Bates,Odeon,78rpm,,28-29 Europe Recordings,,,,
Carlos Gardel,Carlos Gardel,Paseo de julio,,Tango,22/12/1928,Carlos Gardel,Emilio Fresedo,Emilio Fresedo,Odeon,78rpm,,28-29 Europe Recordings,,,,
Carlos Gardel,Carlos Gardel,Lobo de mar (mar bravio),,Tango,10/1/1928,Carlos Gardel,Guillermo Barbieri,Guillermo Barbieri,Odeon,78rpm,,28-29 Europe Recordings,,,,
Carlos Gardel,Carlos Gardel,La cieguecita,,Tango,10/1/1928,Carlos Gardel,Keppler Lais,"""Ramuncho"" Ramón Bertrán Reyna",Odeon,78rpm,,28-29 Europe Recordings,,,,
Carlos Gardel,Carlos Gardel,Siga el corso,,Tango,10/1/1928,Carlos Gardel,Anselmo Aieta,Francisco García Jimenez,Odeon,78rpm,,28-29 Europe Recordings,,,,
Carlos Gardel,Orquesta de Roberto Firpo,La cumparsita,,Tango,1928,Carlos Gardel,Gerardo Matos Rodríguez,Pascual Contursi y Enrique Pedro Maroni,Odeon,78rpm,,28-29 Europe Recordings,,,,
Carlos Gardel,Carlos Gardel,Tu vieja ventana,,Vals,10/1/1928,Carlos Gardel,Guillermo Barbieri,Ambrosio Río,Odeon,78rpm,,28-29 Europe Recordings,,,,
Carlos Gardel,Carlos Gardel,Mano a mano,,Tango,10/1/1928,Carlos Gardel,Carlos Gardel y José Razzano,Celedonio Flores,Odeon,78rpm,,28-29 Europe Recordings,,,,
Carlos Gardel,Carlos Gardel,No llores mas,,Tango,10/1/1928,Carlos Gardel,Alejandro y Ramón Gutiérrez del Barrio,Alejandro y Ramón Gutiérrez del Barrio,Odeon,78rpm,,28-29 Europe Recordings,,,,
Carlos Gardel,Carlos Gardel,Por un cariño,,Tango,10/1/1928,Carlos Gardel,Demon (Lorenzo Torres Nin),Gerardo Alcázar (Gerardo Coll jarque),Odeon,78rpm,,28-29 Europe Recordings,,,,
Carlos Gardel,Carlos Gardel,Tristeza gaucha,,Tango,10/1/1928,Carlos Gardel,Juan Sarcione,Juan Sarcione,Odeon,78rpm,,28-29 Europe Recordings,,,,
Carlos Gardel,Carlos Gardel,La borrachera del tango,,Tango,14/1/1928,Carlos Gardel,Adolfo Rafael Avilés,Enrique Pedro Maroni,Odeon,78rpm,,28-29 Europe Recordings,,,,
Carlos Gardel,Carlos Gardel,La reja,,Tango,14/1/1928,Carlos Gardel,Carlos Marcucci,Manuel Meaños,Odeon,78rpm,,28-29 Europe Recordings,,,,
Carlos Gardel,Carlos Gardel,La gloria del águila,,Tango,14/1/1928,Carlos Gardel,Serraniont (Martín Montserrat Guillemat),Enrique Nieto De Molina,Odeon,78rpm,,28-29 Europe Recordings,,,,
Carlos Gardel,Carlos Gardel,"Resígnate, hermano",,Tango,14/1/1928,Carlos Gardel,José Ricardo y Guillermo Barbieri,José Rial,Odeon,78rpm,,28-29 Europe Recordings,,,,
Carlos Gardel,Carlos Gardel,Dandy,,Tango,14/1/1928,Carlos Gardel,"Irusta, Fugazot y Demare","Irusta, Fugazot y Demare",Odeon,78rpm,,28-29 Europe Recordings,,,,
Carlos Gardel,Carlos Gardel,Traicionera,,Tango,14/01/1928,Carlos Gardel,Juan A. Ghirlanda,Luis Garros Pe (Luis Gaspar Pierotti),Odeon,78rpm,,28-29 Europe Recordings,,,,
Carlos Gardel,Carlos Gardel,Reproche,,Tango,14/1/1928,Carlos Gardel,Agustín Irusta y Roberto Fugazot,Agustín Irusta y Roberto Fugazot,Odeon,78rpm,,28-29 Europe Recordings,,,,
Carlos Gardel,Carlos Gardel,De puro guapo,,Tango,14/1/1928,Carlos Gardel,Rafael Iriarte,Juan Carlos Fernández Diaz,Odeon,78rpm,,28-29 Europe Recordings,,,,
Carlos Gardel,Carlos Gardel,Pato,,Tango,14/1/1928,Carlos Gardel,Ramón Collazo,Ramón Collazo,Odeon,78rpm,,28-29 Europe Recordings,,,,
Carlos Gardel,Carlos Gardel,"Resígnate, hermano",,Tango,20/6/1928,Carlos Gardel,José Ricardo y Guillermo Barbieri,José Rial,Odeon,78rpm,,28-29 BA Recordings,,,,
Carlos Gardel,Carlos Gardel,Mar bravío (lobo de mar),,Tango,20/06/1928,Carlos Gardel,Guillermo Barbieri,Guillermo Barbieri,Odeon,78rpm,,28-29 BA Recordings,,,,
Carlos Gardel,Carlos Gardel,La borrachera del tango,,Tango,1928,Carlos Gardel,Adolfo Avilés,Enrique Maroni,Odeon,78rpm,,28-29 BA Recordings,,,,
Carlos Gardel,Carlos Gardel,La reja,,Tango,20/6/1928,Carlos Gardel,Carlos Marcucci,Manuel Meaños,Odeon,78rpm,,28-29 BA Recordings,,,,
Carlos Gardel,Carlos Gardel,Dandy,,Tango,20/6/1928,Carlos Gardel,"Irusta, Fugazot y Demare","Irusta, Fugazot y Demare",Odeon,78rpm,,28-29 BA Recordings,,,,
Carlos Gardel,Carlos Gardel,Reproche,,Tango,20/6/1928,Carlos Gardel,Agustín Irusta y Roberto Fugazot,Agustín Irusta y Roberto Fugazot,Odeon,78rpm,,28-29 BA Recordings,,,,
Carlos Gardel,Carlos Gardel,De puro guapo,,Tango,20/6/1928,Carlos Gardel,Rafael Iriarte,Juan Carlos Fernández Diaz,Odeon,78rpm,,28-29 BA Recordings,,,,
Carlos Gardel,Carlos Gardel,¡Qué vachache!,,Tango,20/6/1928,Carlos Gardel,Enrique Santos Discépolo,Enrique Santos Discépolo,Odeon,78rpm,,28-29 BA Recordings,,,,
Carlos Gardel,Carlos Gardel,Esta noche me emborracho,,Tango,26/6/1928,Carlos Gardel,Enrique Santos Discépolo,Enrique Santos Discépolo,Odeon,78rpm,,28-29 BA Recordings,,,,
Carlos Gardel,Carlos Gardel,Che papusa. oi,,Tango,26/6/1928,Carlos Gardel,Gerardo Matos Rodríguez,Enrique Cadicamo,Odeon,78rpm,,28-29 BA Recordings,,,,
Carlos Gardel,Carlos Gardel,Adios muchachos,,Tango,1928,Carlos Gardel,julio Cesar Sanders,Cesar Vedani,Odeon,78rpm,,28-29 BA Recordings,,,,
Carlos Gardel,Carlos Gardel,No te engañes corazón,,Tango,26/6/1928,Carlos Gardel,Rodolfo Sciammarella,Rodolfo Sciammarella,Odeon,78rpm,,28-29 BA Recordings,,,,
Carlos Gardel,Carlos Gardel,Siga el corso,,Tango,26/6/1928,Carlos Gardel,Anselmo Aieta,Francisco García Jiménez,Odeon,78rpm,,28-29 BA Recordings,,,,
Carlos Gardel,Carlos Gardel,Esta noche me emborracho,,Tango,6/7/1928,Carlos Gardel,Enrique Santos Discépolo,Enrique Santos Discépolo,Odeon,78rpm,,28-29 BA Recordings,,,,
Carlos Gardel,Carlos Gardel,"No te engañes, corazón",,Tango,1928,Carlos Gardel,Rodolfo Sciammarella,Rodolfo Sciammarella,Odeon,78rpm,,28-29 BA Recordings,,,,
Carlos Gardel,Carlos Gardel,Siga el corso,,Tango,1928,Carlos Gardel,Anselmo Aieta,Francisco García Jiménez,Odeon,78rpm,,28-29 BA Recordings,,,,
Carlos Gardel,Carlos Gardel,El carrerito,,Tango,6/7/1928,Carlos Gardel,Raúl de los Hoyos,Alberto Vacarezza,Odeon,78rpm,,28-29 BA Recordings,,,,
Carlos Gardel,Carlos Gardel,Lechuza,,Tango,6/7/1928,Carlos Gardel,Julio Navarrine,Alfredo Navarrine,Odeon,78rpm,,28-29 BA Recordings,,,,
Carlos Gardel,Carlos Gardel,¡Chorra!,,Tango,1928,Carlos Gardel,Enrique Santos Discépolo,Enrique Santos Discépolo,Odeon,78rpm,,28-29 BA Recordings,,,,
Carlos Gardel,Carlos Gardel,Esta noche me emborracho,,Tango,1928,Carlos Gardel,Enrique Santos Discépolo,Enrique Santos Discépolo,Odeon,78rpm,,28-29 BA Recordings,,,,
Carlos Gardel,Carlos Gardel,¡Chorra!,,Tango,1928,Carlos Gardel,Enrique Santos Discépolo,Enrique Santos Discépolo,Odeon,78rpm,,28-29 BA Recordings,,,,
Carlos Gardel,Carlos Gardel,Canción de cuna,,Tango,1928,Carlos Gardel,José María Rizzuti,José Antonio Diez Gomez,Odeon,78rpm,,28-29 BA Recordings,,,,
Carlos Gardel,Carlos Gardel,Corazoncito,,Tango,2/8/1928,Carlos Gardel,Rafael Rossi,José Rial,Odeon,78rpm,,28-29 BA Recordings,,,,
Carlos Gardel,Carlos Gardel,Un pueblito de España,,Vals,16/8/1928,Carlos Gardel,Mabel Wayne,Rogelio Ferreyra,Odeon,78rpm,,28-29 BA Recordings,,,,
Carlos Gardel,Carlos Gardel,Canción de cuna,,Tango,1928,Carlos Gardel,José María Rizzuti,Jose Antonio Diez Gomez,Odeon,78rpm,,28-29 BA Recordings,,,,
Carlos Gardel,Carlos Gardel,Cuando llora la milonga,,Tango,17/8/1928,Carlos Gardel,Juan de Dios Filiberto,Luis Mario (María Luisa Carnelli),Odeon,78rpm,,28-29 BA Recordings,,,,
Carlos Gardel,Carlos Gardel,Canción de cuna,,Tango,6/9/1928,Carlos Gardel,José María Rizzuti,Jose Antonio Diez Gomez,Odeon,78rpm,,28-29 BA Recordings,,,,
Carlos Gardel,Carlos Gardel,Un pueblito de España,,Vals,6/9/1928,Carlos Gardel,Mabel Wayne,Rogelio Ferreyra,Odeon,78rpm,,28-29 BA Recordings,,,,
Carlos Gardel,Carlos Gardel,Mano cruel,,Tango,6/9/1928,Carlos Gardel,Carmelo Muttarelli,Armando Tagini,Odeon,78rpm,,28-29 BA Recordings,,,,
Carlos Gardel,Carlos Gardel,Che. Bartolo,,Tango,6/9/1928,Carlos Gardel,Rodolfo Aníbal Sciammarella,Domingo Enrique Cadícamo,Odeon,78rpm,,28-29 BA Recordings,,,,
Carlos Gardel,Carlos Gardel,Quejas del alma,,Tango,1928,Instrumental,Guillermo D. Barbieri,Guillermo D. Barbieri,Odeon,78rpm,,28-29 BA Recordings,,,,
Carlos Gardel,Orquesta de Roberto Firpo,La cumparsita,,Tango,9/9/1928,Instrumental,Gerardo Matos Rodríguez,Pascual Contursi y Enrique Pedro Maroni,Odeon,78rpm,,28-29 BA Recordings,,,,
Carlos Gardel,Carlos Gardel,Resignate hermano,,Tango,1928,Instrumental,Guillermo Desiderio Barbieri - José Ricardo,José Rial,Odeon,78rpm,,28-29 Europe Recordings,,,,
Carlos Gardel,Carlos Gardel,9 de julio,,Tango,1928,Instrumental,,,Odeon,78rpm,,28-29 Europe Recordings,,,,
Carlos Gardel,Orquesta de Roberto Firpo,La cumparsita,,Tango,11/10/1928,Instrumental,Gerardo Matos Rodríguez,Pascual Contursi y Enrique Pedro Maroni,Odeon,78rpm,,28-29 Europe Recordings,,,,
Carlos Gardel,Carlos Gardel,Re FA Si,,Tango,1928,Instrumental,,,Odeon,78rpm,,28-29 Europe Recordings,,,,
Carlos Gardel,Carlos Gardel,Piedad,,Tango,11/10/1928,Carlos Gardel,Carlo Percuocco,Luis de Biase,Odeon,78rpm,,28-29 Europe Recordings,,,,
Carlos Gardel,Carlos Gardel,Te aconsejo que me olvides,,Tango,11/10/1928,Carlos Gardel,Pedro Maffia,Jorge Curi,Odeon,78rpm,,28-29 Europe Recordings,,,,
Carlos Gardel,Carlos Gardel,Alma en pena,,Tango,11/10/1928,Carlos Gardel,Anselmo Aieta,Francisco García Jímnez,Odeon,78rpm,,28-29 Europe Recordings,,,,
Carlos Gardel,Carlos Gardel,Duelo criollo,,Tango,11/10/1928,Carlos Gardel,Juan Bautista Rezzano,Lito Bayardo (Manuel Juan García),Odeon,78rpm,,28-29 Europe Recordings,,,,
Carlos Gardel,Carlos Gardel,Noviecita mía,,Tango,11/10/1928,Carlos Gardel,Antonio Polito,Antonio Polito,Odeon,78rpm,,28-29 Europe Recordings,,,,
Carlos Gardel,Carlos Gardel,Fierro chifle,,Tango,11/10/1928,Carlos Gardel,César de Pardo,Alfonso Tagle Lara,Odeon,78rpm,,28-29 Europe Recordings,,,,
Carlos Gardel,Carlos Gardel,El carretero,,Tango,11/10/1928,Carlos Gardel,Arturo de Nava,Arturo de Nava,Odeon,78rpm,,28-29 Europe Recordings,,,,
Carlos Gardel,Carlos Gardel,Ramona,,Tango,11/10/1928,Carlos Gardel,Mabel Wayne,Enrique Cadícamo,Odeon,78rpm,,28-29 Europe Recordings,,,,
Carlos Gardel,Carlos Gardel,Cuando llora la milonga,,Tango,20/10/1928,Carlos Gardel,Juan de Dios Filiberto,Luis Mario (María Luisa Carnelli),Odeon,78rpm,,28-29 Europe Recordings,,,,
Carlos Gardel,Carlos Gardel,Traicionera,,Tango,20/10/1928,Carlos Gardel,Juan A. Ghirlanda,Luis Garros Pe (Luis Gaspar Pierotti),Odeon,78rpm,,28-29 Europe Recordings,,,,
Carlos Gardel,Carlos Gardel,Bandoneon arrabalero,,Tango,20/10/1928,Carlos Gardel,Juan Bautista Deambroggio,Pascual Contursi,Odeon,78rpm,,28-29 Europe Recordings,,,,
Carlos Gardel,Carlos Gardel,Marioneta,,Tango,20/10/1928,Carlos Gardel,Juan José Guichandut,Armando Tagini,Odeon,78rpm,,28-29 Europe Recordings,,,,
Carlos Gardel,Carlos Gardel,Cualquier cosa,,Tango,20/10/1928,Carlos Gardel,Herminia Velich de Rossano,Juan Miguel Velich,Odeon,78rpm,,28-29 Europe Recordings,,,,
Carlos Gardel,Carlos Gardel,Rosa de otoño,,Tango,20/10/1928,Carlos Gardel,Guillermo Barbieri,José Rial,Odeon,78rpm,,28-29 Europe Recordings,,,,
Carlos Gardel,Carlos Gardel,Trenzas negras,,Tango,1928,Instrumental,José María Aguilar,José María Aguilar,Odeon,78rpm,,28-29 Europe Recordings,,,,
Carlos Gardel,Carlos Gardel,Allá en la ribera,,Tango,1928,Carlos Gardel,Carlos Camba,Carlos Camba,Odeon,78rpm,,28-29 Europe Recordings,,,,
Carlos Gardel,Carlos Gardel,Refucilos,,Tango,27/10/1928,Carlos Gardel,Micaela Sastre,Rodolfo Sastre,Odeon,78rpm,,28-29 Europe Recordings,,,,
Carlos Gardel,Carlos Gardel,Barra querida,,Tango,27/10/1928,Carlos Gardel,César Felipe Vedani,Carlos Alberto Sánchez,Odeon,78rpm,,28-29 Europe Recordings,,,,
Carlos Gardel,Carlos Gardel,Mentirosa,,Tango,27/10/1928,Carlos Gardel,Francisco García Jimenez,Anselmo Aieta,Odeon,78rpm,,28-29 Europe Recordings,,,,
Carlos Gardel,Carlos Gardel,Tierra hermana,,Tango,1928,Instrumental,,,Odeon,78rpm,,28-29 Europe Recordings,,,,
Carlos Gardel,Carlos Gardel,La reina del tango,,Tango,27/10/1928,Carlos Gardel,Enrique Cadícamo,Rafael Iriarte,Odeon,78rpm,,28-29 Europe Recordings,,,,
Carlos Gardel,Carlos Gardel,Lo han visto con otra,,Tango,27/10/1928,Carlos Gardel,Horacio Pettorossi,Horacio Pettorossi,Odeon,78rpm,,28-29 Europe Recordings,,,,
Carlos Gardel,Carlos Gardel,Pobre pato,,Tango,15/12/1928,Carlos Gardel,Luis Garros Pe ( Luis Gaspar Pierotti),Juan A. Ghirlanda,Odeon,78rpm,,28-29 Europe Recordings,,,,
Carlos Gardel,Carlos Gardel,Allá en la Ribera,,Tango,1/3/1929,Carlos Gardel,Carlos Camba,Carlos Camba,Odeon,78rpm,,28-29 Europe Recordings,,,,
Carlos Gardel,Carlos Gardel,Patadura,,Tango,1/3/1929,Carlos Gardel,José López Ares,Enrique Carrera Sotelo,Odeon,78rpm,,28-29 Europe Recordings,,,,
Carlos Gardel,Carlos Gardel,Se llama mujer,,Tango,1/3/1929,Carlos Gardel,Guillermo Barbieri,José Rial,Odeon,78rpm,,28-29 Europe Recordings,,,,
Carlos Gardel,Carlos Gardel,Malevaje,,Tango,1929,Carlos Gardel,Juan de Dios Filiberto,Enrique Santos Discépolo,Odeon,78rpm,,28-29 Europe Recordings,,,,
Carlos Gardel,Carlos Gardel,Aquel tapado de armiño,,Tango,1/3/1929,Carlos Gardel,Enrique Delfino,Manuel Romero,Odeon,78rpm,,28-29 Europe Recordings,,,,
Carlos Gardel,Carlos Gardel,Cruz de palo,,Tango,1/3/1929,Carlos Gardel,Guillermo Barbieri,Enrique Cadícamo,Odeon,78rpm,,28-29 Europe Recordings,,,,
Carlos Gardel,Carlos Gardel,Trenzas negras,,Tango,1/3/1929,Carlos Gardel,José María Aguilar,José María Aguilar,Odeon,78rpm,,28-29 Europe Recordings,,,,
Carlos Gardel,Carlos Gardel,Como todas,,Vals,1/3/1929,Carlos Gardel,Américo Chiriff,Alonso y Trelles,Odeon,78rpm,,28-29 Europe Recordings,,,,
Carlos Gardel,Carlos Gardel,Haragan,,Tango,1/3/1929,Carlos Gardel,Enrique Delfino,Manuel Romero,Odeon,78rpm,,28-29 Europe Recordings,,,,
Carlos Gardel,Carlos Gardel,A contramano,,Tango,1/3/1929,Carlos Gardel,Luis Teisseire,Juan A. Caruso,Odeon,78rpm,,28-29 Europe Recordings,,,,
Carlos Gardel,Carlos Gardel,Por que me das dique,,Tango,1/3/1929,Carlos Gardel,Rodolfo Sciammarella,Luis Alberto Alonso,Odeon,78rpm,,28-29 Europe Recordings,,,,
Carlos Gardel,Carlos Gardel,Echando mala,,Tango,1/3/1929,Carlos Gardel,Pascual Clausi,Francisco Brancatti,Odeon,78rpm,,28-29 Europe Recordings,,,,
Carlos Gardel,Carlos Gardel,Estampilla,,Tango,6/4/1929,Carlos Gardel,Enrique Delfino,Manuel Romero,Odeon,78rpm,,28-29 Europe Recordings,,,,
Carlos Gardel,Carlos Gardel,Cachadora,,Tango,6/4/1929,Carlos Gardel,Pancho Laguna (Francisco Lomuto),Pancho Laguna (Francisco Lomuto),Odeon,78rpm,,28-29 Europe Recordings,,,,
Carlos Gardel,Carlos Gardel,Segui mi consejo,,Tango,6/4/1929,Carlos Gardel,Salvador Merico,Eduardo Salvador Trongé,Odeon,78rpm,,28-29 Europe Recordings,,,,
Carlos Gardel,Carlos Gardel,Primero yo,,Tango,6/4/1929,Carlos Gardel,Pancho Laguna (Francisco Lomuto),Pancho Laguna (Francisco Lomuto),Odeon,78rpm,,28-29 Europe Recordings,,,,
Carlos Gardel,Carlos Gardel,Barrio viejo,,Tango,20/6/1929,Carlos Gardel,Guillermo Barbieri,Eugenio Cárdenas,Odeon,78rpm,,28-29 BA Recordings,,,,
Carlos Gardel,Carlos Gardel,Aquel tapado de armiño,,Tango,20/6/1929,Carlos Gardel,Enrique Delfino,Manuel Romero,Odeon,78rpm,,28-29 BA Recordings,,,,
Carlos Gardel,Carlos Gardel,Estampilla,,Tango,20/6/1929,Carlos Gardel,Enrique Delfino,Manuel Romero,Odeon,78rpm,,28-29 BA Recordings,,,,
Carlos Gardel,Carlos Gardel,Cachadora,,Tango,20/6/1929,Carlos Gardel,Pancho Laguna (Francisco Lomuto),Pancho Laguna (Francisco Lomuto),Odeon,78rpm,,28-29 BA Recordings,,,,
Carlos Gardel,Carlos Gardel,Malevaje,,Tango,20/6/1929,Carlos Gardel,Juan de Dios Filiberto,Enrique Santos Discépolo,Odeon,78rpm,,28-29 BA Recordings,,,,
Carlos Gardel,Carlos Gardel,"Tango, te cambiaron la pinta",,Tango,20/6/1929,Carlos Gardel,Richard Russo,Richard Russo,Odeon,78rpm,,28-29 BA Recordings,,,,
Carlos Gardel,Carlos Gardel,Primero yo,,Tango,20/6/1929,Carlos Gardel,Rafael Rossi,José Rial,Odeon,78rpm,,28-29 BA Recordings,,,,
Carlos Gardel,Carlos Gardel,Carinito,,Tango,21/6/1929,Carlos Gardel,Guillermo Barbieri,Luis Garros Pe,Odeon,78rpm,,28-29 BA Recordings,,,,
Carlos Gardel,Carlos Gardel,Haragan,,Tango,21/6/1929,Carlos Gardel,Enrique Delfino,Manuel Romero,Odeon,78rpm,,28-29 BA Recordings,,,,
Carlos Gardel,Carlos Gardel,Seguí mi consejo,,Tango,21/6/1929,Carlos Gardel,Salvador Merico,Eduardo Salvador Trongé,Odeon,78rpm,,28-29 BA Recordings,,,,
Carlos Gardel,Carlos Gardel,Callejera,,Tango,21/6/1929,Carlos Gardel,Fausto Frontera,Enrique Cadícamo,Odeon,78rpm,,28-29 BA Recordings,,,,
Carlos Gardel,Carlos Gardel,Tan grande y tan sonso,,Tango,21/6/1929,Carlos Gardel,Gerardo Malos Rodríguez,Juan B. A. Reyes,Odeon,78rpm,,28-29 BA Recordings,,,,
Carlos Gardel,Carlos Gardel,Como todas,,Vals,28/6/1929,Carlos Gardel,Américo Chiriff,Alonso y Trelles,Odeon,78rpm,,28-29 BA Recordings,,,,
Carlos Gardel,Carlos Gardel,Tengo miedo,,Tango,28/6/1929,Carlos Gardel,José María Aguilar,Celedonio Flores,Odeon,78rpm,,28-29 BA Recordings,,,,
Carlos Gardel,Carlos Gardel,Aquel muchacho triste,,Tango,28/6/1929,Carlos Gardel,José de Grandis,José de Grandis,Odeon,78rpm,,28-29 BA Recordings,,,,
Carlos Gardel,Carlos Gardel,Cabecita negra,,Tango,28/6/1929,Carlos Gardel,Agustín Bardi,Atilio Supparo,Odeon,78rpm,,28-29 BA Recordings,,,,
Carlos Gardel,Carlos Gardel,Rie. payaso,,Tango,28/6/1929,Carlos Gardel,Emilio Falero,Virgilio Carmona,Odeon,78rpm,,28-29 BA Recordings,,,,
Carlos Gardel,Carlos Gardel,La casita esta triste,,Tango,28/6/1929,Carlos Gardel,Luis Bernstein,Jose de Grandis,Odeon,78rpm,,28-29 BA Recordings,,,,
Carlos Gardel,Carlos Gardel,Muñeca brava,,Tango,28/6/1929,Carlos Gardel,Luis Visca,Enrique Cadícamo,Odeon,78rpm,,28-29 BA Recordings,,,,
Carlos Gardel,Carlos Gardel,Milonguera,,Tango,22/7/1929,Carlos Gardel,José María Aguilar,José María Aguilar,Odeon,78rpm,,28-29 BA Recordings,,,,
Carlos Gardel,Carlos Gardel,Cruz de palo,,Tango,22/7/1929,Carlos Gardel,Guillermo Barbieri,Enrique Cadícamo,Odeon,78rpm,,28-29 BA Recordings,,,,
Carlos Gardel,Carlos Gardel,Echando mala,,Tango,22/7/1929,Carlos Gardel,Pascual Clausi,Francisco Brancatti,Odeon,78rpm,,28-29 BA Recordings,,,,
Carlos Gardel,Carlos Gardel,Flor campera,,Tango,22/7/1929,Carlos Gardel,José María Aguilar,Juan Pedro López,Odeon,78rpm,,28-29 BA Recordings,,,,
Carlos Gardel,Carlos Gardel,Maryflor,,Vals,8/8/1929,Carlos Gardel,José Vázquez Vigo,Abelardo Ferreyra,Odeon,78rpm,,28-29 BA Recordings,,,,
Carlos Gardel,Carlos Gardel,Mascotita de marfil,,Vals,8/8/1929,Carlos Gardel,Rafael Giovinazzi - Juan Pedro Castillo,Alfredo Faustino Roldán,Odeon,78rpm,,28-29 BA Recordings,,,,
Carlos Gardel,Carlos Gardel,La divina dama,,Vals,8/8/1929,Carlos Gardel,Nat Shilkret,Enrique Cadícamo,Odeon,78rpm,,28-29 BA Recordings,,,,
Carlos Gardel,Carlos Gardel,Uno y uno,,Tango,8/8/1929,Carlos Gardel,Julio Fava Pollero,Lorenzo Juan Traverso,Odeon,78rpm,,28-29 BA Recordings,,,,
Carlos Gardel,Carlos Gardel,Paseo de julio,,Tango,8/8/1929,Carlos Gardel,Emilio Fresedo,Emilio Fresedo,Odeon,78rpm,,28-29 BA Recordings,,,,
Carlos Gardel,Carlos Gardel,Largue a esa Mujica,,Tango,8/8/1929,Carlos Gardel,Juan Faustino Sarcione,Juan Faustino Sarcione,Odeon,78rpm,,28-29 BA Recordings,,,,
Carlos Gardel,Carlos Gardel,La divina dama,,Vals,12/8/1929,Carlos Gardel,Nat Shilkret,Enrique Cadícamo,Odeon,78rpm,,28-29 BA Recordings,,,,
Carlos Gardel,Carlos Gardel,¡Que fenómeno!,,Tango,12/8/1929,Carlos Gardel,Anselmo Aieta,Enrique Dizeo,Odeon,78rpm,,28-29 BA Recordings,,,,
Carlos Gardel,Carlos Gardel,Machete,,Tango,12/8/1929,Carlos Gardel,José Guillermo Basadoni,Jorge Curi,Odeon,78rpm,,28-29 BA Recordings,,,,
Carlos Gardel,Carlos Gardel,Dos en uno,,Tango,12/8/1929,Carlos Gardel,Rodolfo Scianunarella,Enrique Cadícamo,Odeon,78rpm,,28-29 BA Recordings,,,,
Carlos Gardel,Carlos Gardel,La divina dama,,Vals,25/8/1929,Carlos Gardel,Nat Shilkret,Enrique Cadícamo,Odeon,78rpm,,28-29 BA Recordings,,,,
Carlos Gardel,Carlos Gardel,Culpas ajenas,,Tango,25/8/1929,Carlos Gardel,Ernesto Ponzio,Jorge Curi,Odeon,78rpm,,28-29 BA Recordings,,,,
Carlos Gardel,Carlos Gardel,Rie. payaso,,Tango,26/8/1929,Carlos Gardel,Emilio Falero,Virgilio Carmona,Odeon,78rpm,,28-29 BA Recordings,,,,
Carlos Gardel,Carlos Gardel,Margaritas,,Tango,10/9/1929,Carlos Gardel,Juan Moreno González,Gabino Coria Peñaloza,Odeon,78rpm,,28-29 BA Recordings,,,,
Carlos Gardel,Carlos Gardel,Yo también como tu,,Tango,10/9/1929,Carlos Gardel,Humberto Giampietro,Diego Larriera Varela,Odeon,78rpm,,28-29 BA Recordings,,,,
Carlos Gardel,Carlos Gardel,Manuelita,,Vals,10/9/1929,Carlos Gardel,José María Aguilar,José María Macías,Odeon,78rpm,,28-29 BA Recordings,,,,
Carlos Gardel,Carlos Gardel,Lloro como una mujer,,Tango,12/9/1929,Carlos Gardel,José María Aguilar,Celedonio Flores,Odeon,78rpm,,28-29 BA Recordings,,,,
Carlos Gardel,Carlos Gardel,El barbijo,,Tango,12/9/1929,Carlos Gardel,Andrés R. Domenech,Jesús Fernández Blanco,Odeon,78rpm,,28-29 BA Recordings,,,,
Carlos Gardel,Carlos Gardel,Prisionero,,Tango,12/9/1929,Carlos Gardel,Anselmo Aleta,Francisco García Jiménez,Odeon,78rpm,,28-29 BA Recordings,,,,
Carlos Gardel,Carlos Gardel,Victoria,,Tango,12/9/1929,Carlos Gardel,Enrique Santos Discépolo,Enrique Santos Discépolo,Odeon,78rpm,,28-29 BA Recordings,,,,
Carlos Gardel,Carlos Gardel,Misa de once,,Tango,14/09/1929,Carlos Gardel,José Guichandut,Armando Tagini,Odeon,78rpm,,28-29 BA Recordings,,,,
Carlos Gardel,Carlos Gardel,Esta vida es puro grupo,,Tango,11/10/1929,Carlos Gardel,Alberto Tavarozzi,Enrique Carrera Sotelo,Odeon,78rpm,,28-29 BA Recordings,,,,
Carlos Gardel,Carlos Gardel,Bailarin compadrito,,Tango,11/10/1929,Carlos Gardel,Miguel Bucino,Miguel Bucino,Odeon,78rpm,,28-29 BA Recordings,,,,
Carlos Gardel,Carlos Gardel,Alicia,,Vals,23/10/1929,Carlos Gardel,Guillermo Barbieri,Eugenio Cárdenas,Odeon,78rpm,,28-29 BA Recordings,,,,
Carlos Gardel,Carlos Gardel,La virgen del perdón,,Vals,23/10/1929,Carlos Gardel,Carlos V. Geroni Flores,Carlos Max Viale y Vicente Retta,Odeon,78rpm,,28-29 BA Recordings,,,,
Carlos Gardel,Dúo Gardel-Razzano,Medallita de los pobres,,Tango,23/10/1929,Carlos Gardel,Felix Scolatti Almeida,Enrique Maroni,Odeon,78rpm,,28-29 BA Recordings,,,,
Carlos Gardel,Carlos Gardel,P´al cambalache,,Tango,23/10/1929,Carlos Gardel,Rafael Rossi,Enrique González Tuñón,Odeon,78rpm,,28-29 BA Recordings,,,,
Carlos Gardel,Carlos Gardel,Palermo,,Tango,23/10/1929,Carlos Gardel,Enrique Delfino,Juan Villalba y Herminio Brago,Odeon,78rpm,,28-29 BA Recordings,,,,
Carlos Gardel,Carlos Gardel,Te odio,,Tango,23/10/1929,Carlos Gardel,Francisco Pracáníco,Celedonio Esteban Flores,Odeon,78rpm,,28-29 BA Recordings,,,,
Carlos Gardel,Carlos Gardel,Mentiras criollas,,Tango,23/10/1929,Carlos Gardel,Oscar Arona,Oscar Arona,Odeon,78rpm,,28-29 BA Recordings,,,,
Carlos Gardel,Carlos Gardel,De todo te olvidas,,Tango,12/11/1929,Carlos Gardel,Salvador Merico,Enrique Cadícamo,Odeon,78rpm,,28-29 BA Recordings,,,,
Carlos Gardel,Carlos Gardel,Pensalo bien,,Tango,12/11/1929,Carlos Gardel,Alberto Calvera,Enrique López,Odeon,78rpm,,28-29 BA Recordings,,,,
Carlos Gardel,Carlos Gardel,Alicia,,Vals,12/11/1929,Carlos Gardel,Guillermo Barbieri,Eugenio Cárdenas,Odeon,78rpm,,28-29 BA Recordings,,,,
Carlos Gardel,Carlos Gardel,¿Por qué soy reo?,,Tango,13/11/1929,Carlos Gardel,Herminia Velich de Rossano,Juan Miguel Velichy Manuel Andres Meaños,Odeon,78rpm,,28-29 BA Recordings,,,,
Carlos Gardel,Carlos Gardel,Mamita,,Tango,13/11/1929,Carlos Gardel,Ángel Vanesi,Francisco Bohi gas,Odeon,78rpm,,28-29 BA Recordings,,,,
Carlos Gardel,Carlos Gardel,Barajando,,Tango,11/12/1929,Carlos Gardel,Eduardo Escaris Méndez,Nicolás Vaccaro,Odeon,78rpm,,28-29 BA Recordings,,,,
Carlos Gardel,Carlos Gardel,Calor de hogar,,Tango,11/12/1929,Carlos Gardel,Engenio Carrere,Jesús Fernández Blanco,Odeon,78rpm,,28-29 BA Recordings,,,,
Carlos Gardel,Carlos Gardel,Tango argentino,,Tango,11/12/1929,Carlos Gardel,"Juan Maglio, Pacho",Alfredo Bigeschi,Odeon,78rpm,,28-29 BA Recordings,,,,
Carlos Gardel,Carlos Gardel,Que se vayan,,Tango,11/12/1929,Carlos Gardel,Francisco R. Canosa,Enrique Dizeo,Odeon,78rpm,,28-29 BA Recordings,,,,
Carlos Gardel,Orquesta de Francisco Canaro,Mamita,,Tango,11/12/1929,Carlos Gardel,Ángel Vanesi,Francisco Bohi gas,Odeon,78rpm,,28-29 BA Recordings,,,,
Carlos Gardel,Carlos Gardel,Sientese. che hermano,,Tango,18/12/1929,Carlos Gardel,Julio Guillán Barragán,Julio Guillán Barragán,Odeon,78rpm,,28-29 BA Recordings,,,,
Carlos Gardel,Carlos Gardel,Recordándote,,Tango,20/12/1929,Carlos Gardel,Guillermo Barbieri,José de Grandis,Odeon,78rpm,,28-29 BA Recordings,,,,
Carlos Gardel,Carlos Gardel,Tras cartón,,Tango,20/12/1929,Carlos Gardel,Anselmo Aieta,Santiago Adamini y Ovidio J. Bianquet,Odeon,78rpm,,28-29 BA Recordings,,,,
Carlos Gardel,Carlos Gardel,Garabatos de mujer,,Tango,31/12/1929,Carlos Gardel,Rodolfo y Micaela Sastre,Rodolfo y Micaela Sastre,Odeon,78rpm,,28-29 BA Recordings,,,,
Carlos Gardel,Carlos Gardel,Amor pagano,,Vals,31/12/1929,Carlos Gardel,Fred Brown,Luis Rubinstein,Odeon,78rpm,,28-29 BA Recordings,,,,
Carlos Gardel,Carlos Gardel,De salto y carta,,Tango,31/12/1929,Carlos Gardel,Alberto Hilarión Acuña,José De Cicco,Odeon,78rpm,,28-29 BA Recordings,,,,
Carlos Gardel,Carlos Gardel,Solo se quiere una vez,,Tango,10/3/1930,Carlos Gardel,Carlos V. G. Flores,Claudio Frollo,Odeon,78rpm,,30-32 Movies,,,,
Carlos Gardel,Carlos Gardel,El cardo azul,,Tango,10/3/1930,Carlos Gardel,Carlos Gardel y José Razzano,Carlos Gardel y José Razzano,Odeon,78rpm,,30-32 Movies,,,,
Carlos Gardel,Carlos Gardel,Juventud,,Tango,20/3/1930,Carlos Gardel,Juan Bauer,Roberto Aubriot Barboza,Odeon,78rpm,,30-32 Movies,,,,
Carlos Gardel,Carlos Gardel,Corazón de papel,,Tango,20/3/1930,Carlos Gardel,Catulo Castillo,Alberto Franco,Odeon,78rpm,,30-32 Movies,,,,
Carlos Gardel,Carlos Gardel,Palomita blanca,,Vals,20/3/1930,Carlos Gardel,Anselmo Aieta,Francisco García Jiménez,Odeon,78rpm,,30-32 Movies,,,,
Carlos Gardel,Carlos Gardel,Aromas del Cairo,,Vals,20/3/1930,Carlos Gardel,José María Aguilar,José María Aguilar,Odeon,78rpm,,30-32 Movies,,,,
Carlos Gardel,Carlos Gardel,Buenos Aires,,Tango,20/3/1930,Carlos Gardel,Manuel Jovés,Manuel Romero,Odeon,78rpm,,30-32 Movies,,,,
Carlos Gardel,Carlos Gardel,Buenos Aires,,Tango,1/4/1930,Carlos Gardel,Manuel Jovés,Manuel Romero,Odeon,78rpm,,30-32 Movies,,,,
Carlos Gardel,Carlos Gardel,Aromas del Cairo,,Vals,1/4/1930,Carlos Gardel,José María Aguilar,José María Aguilar,Odeon,78rpm,,30-32 Movies,,,,
Carlos Gardel,Carlos Gardel,Buenos Aires,,Tango,1/4/1930,Carlos Gardel,Manuel Jovés,Manuel Romero,Odeon,78rpm,,30-32 Movies,,,,
Carlos Gardel,Carlos Gardel,Aquellas farras,,Tango,1/4/1930,Carlos Gardel,Roberto Firpo,Enrique Cadícamo,Odeon,78rpm,,30-32 Movies,,,,
Carlos Gardel,Carlos Gardel,Viejo smoking,,Tango,1/4/1930,Carlos Gardel,Guillermo Barbieri,Celedonio Esteban Flores,Odeon,78rpm,,30-32 Movies,,,,
Carlos Gardel,Carlos Gardel,Lo han visto con otra,,Tango,10/4/1930,Carlos Gardel,Horacio Pettorossi,Horacio Pettorossi,Odeon,78rpm,,30-32 Movies,,,,
Carlos Gardel,Carlos Gardel,Lo han visto con otra,,Tango,15/4/1930,Carlos Gardel,Horacio Pettorossi,Horacio Pettorossi,Odeon,78rpm,,30-32 Movies,,,,
Carlos Gardel,Carlos Gardel,Senda florida,,Tango,15/4/1930,Carlos Gardel,Rafael Rossi,Eugenio Cárdenas,Odeon,78rpm,,30-32 Movies,,,,
Carlos Gardel,Carlos Gardel,Cartas viejas,,Tango,15/4/1930,Carlos Gardel,Manuel García Servetto,Ray Rada,Odeon,78rpm,,30-32 Movies,,,,
Carlos Gardel,Carlos Gardel,Viejo jardín,,Tango,15/4/1930,Carlos Gardel,Antonio Cerazo,Virgilio San Clemente,Odeon,78rpm,,30-32 Movies,,,,
Carlos Gardel,Carlos Gardel,"Yo nací para ti, tú serás para mi",,Tango,24/4/1930,Carlos Gardel,Herb Brown y Arthur Freed,Enrique Cadícamo,Odeon,78rpm,,30-32 Movies,,,,
Carlos Gardel,Carlos Gardel,Viejo smoking,,Tango,24/4/1930,Carlos Gardel,Guillermo Barbieri,Celedonio Esteban Flores,Odeon,78rpm,,30-32 Movies,,,,
Carlos Gardel,Carlos Gardel,Mi noche triste,,Tango,24/4/1930,Carlos Gardel,Samuel Castriota,Pascual Contursi,Odeon,78rpm,,30-32 Movies,,,,
Carlos Gardel,Carlos Gardel,Vieja recova,,Tango,24/4/1930,Carlos Gardel,Rodolfo Sciammarella,Enrique Cadícamo,Odeon,78rpm,,30-32 Movies,,,,
Carlos Gardel,Carlos Gardel,Pajarito,,Tango,24/4/1930,Carlos Gardel,Dante A. Linyera (Francisco Bautista Rimoli),Dante A. Linyera (Francisco Bautista Rimoli),Odeon,78rpm,,30-32 Movies,,,,
Carlos Gardel,Carlos Gardel,Primero campaneala,,Tango,29/4/1930,Carlos Gardel,Anselmo Aieta,Enrique Dizeo,Odeon,78rpm,,30-32 Movies,,,,
Carlos Gardel,Carlos Gardel,Almagro,,Tango,1/5/1930,Carlos Gardel,Vicente San Lorenzo,Antonio Timarni,Odeon,78rpm,,30-32 Movies,,,,
Carlos Gardel,Carlos Gardel,Matala,,Tango,1/5/1930,Carlos Gardel,Eduardo Bonessi (según figura en el disco original),Eduardo Bonessi (según figura en el disco original),Odeon,78rpm,,30-32 Movies,,,,
Carlos Gardel,Carlos Gardel,Contramarca,,Tango,1/5/1930,Carlos Gardel,Rafael Rossi,Francisco Brancatti,Odeon,78rpm,,30-32 Movies,,,,
Carlos Gardel,Carlos Gardel,Dicen que dicen,,Tango,20/5/1930,Carlos Gardel,Enrique Delfino,Alberto Ballestero,Odeon,78rpm,,30-32 Movies,,,,
Carlos Gardel,Carlos Gardel,Una lágrima,,Tango,20/5/1930,Carlos Gardel,Nicolás Verona,Eugenio Cárdenas,Odeon,78rpm,,30-32 Movies,,,,
Carlos Gardel,Carlos Gardel,Enfunda la mandolina,,Tango,20/5/1930,Carlos Gardel,Francisco Pracánico,Horacio Zubiría Mansilla,Odeon,78rpm,,30-32 Movies,,,,
Carlos Gardel,Carlos Gardel,Amigazo,,Tango,20/5/1930,Carlos Gardel,Juan de Dios Filiberto,Juan Velich y Francisco Brancatti,Odeon,78rpm,,30-32 Movies,,,,
Carlos Gardel,Carlos Gardel,Rosal del amor,,Vals,22/5/1930,Carlos Gardel,Domingo Riverol,Enrique E. Maroni,Odeon,78rpm,,30-32 Movies,,,,
Carlos Gardel,Carlos Gardel,De flor en flor,,Tango,22/5/1930,Carlos Gardel,Eduardo Bonessi,Domingo Gallicchio,Odeon,78rpm,,30-32 Movies,,,,
Carlos Gardel,Carlos Gardel,Por seguidora y por fiel,,Tango,22/5/1930,Carlos Gardel,Ricardo Brignolo,Celedonio Flores,Odeon,78rpm,,30-32 Movies,,,,
Carlos Gardel,Carlos Gardel,Knock out de amor,,Tango,27/5/1930,Carlos Gardel,Vicente San Lorenzo,Iván Diez (Augusto Arturo Martín),Odeon,78rpm,,30-32 Movies,,,,
Carlos Gardel,Carlos Gardel,Canchero,,Tango,27/5/1930,Carlos Gardel,Antonio De Bassi,Celedonio Esteban Flores,Odeon,78rpm,,30-32 Movies,,,,
Carlos Gardel,Carlos Gardel,Tarde gris,,Tango,17/6/1930,Carlos Gardel,Juan Bautista Guido,Luis Rubinstein,Odeon,78rpm,,30-32 Movies,,,,
Carlos Gardel,Carlos Gardel,Gacho gris,,Tango,17/6/1930,Carlos Gardel,Alejandro Sarni,Juan Carlos Barthe,Odeon,78rpm,,30-32 Movies,,,,
Carlos Gardel,Carlos Gardel,Un año más,,Tango,17/6/1930,Carlos Gardel,Joaquín Barreiro,Antonio Casciani,Odeon,78rpm,,30-32 Movies,,,,
Carlos Gardel,Carlos Gardel,Tortazos,,Milonga,17/6/1930,Carlos Gardel,Luis Eduardo Casaravilla Sienra y José Razzano,Enrique P. Maroni,Odeon,78rpm,,30-32 Movies,,,,
Carlos Gardel,Carlos Gardel,La pena del payador,,Vals,26/6/1930,Carlos Gardel,José y Luis Servidio,Eduardo Escarís Méndez,Odeon,78rpm,,30-32 Movies,,,,
Carlos Gardel,Carlos Gardel,As de cartón,,Tango,28/6/1930,Carlos Gardel,Juan Manuel González Prado y Luis Viapiana,Roberto Aubriot Barboza,Odeon,78rpm,,30-32 Movies,,,,
Carlos Gardel,Carlos Gardel,Pordioseros,,Tango,28/6/1930,Carlos Gardel,Guillermo Barbieri,Guillermo Barbieri,Odeon,78rpm,,30-32 Movies,,,,
Carlos Gardel,Carlos Gardel,Incurable,,Tango,21/8/1930,Carlos Gardel,Guillermo Barbieri,Roberto Aubriot Barboza,Odeon,78rpm,,30-32 Movies,,,,
Carlos Gardel,Carlos Gardel,"Paquetín, paquetón",,Tango,21/8/1930,Carlos Gardel,Salvador Merico,Carlos Dedico y Germán Ziclis,Odeon,78rpm,,30-32 Movies,,,,
Carlos Gardel,Carlos Gardel,Titiriteros,,Tango,21/8/1930,Carlos Gardel,Salvador Merico,Eduardo Béccar,Odeon,78rpm,,30-32 Movies,,,,
Carlos Gardel,Carlos Gardel,Colorao… colorao...,,Tango,21/8/1930,Carlos Gardel,Alberto H. Acuña,Celedonio Esteban Flores,Odeon,78rpm,,30-32 Movies,,,,
Carlos Gardel,Carlos Gardel,Chinita,,Tango,21/8/1930,Carlos Gardel,Eleuterio Iribarren,Enrique Carrera Sotelo,Odeon,78rpm,,30-32 Movies,,,,
Carlos Gardel,Carlos Gardel,No llore viejita,,Tango,28/8/1930,Carlos Gardel,José A. Scarpino,Julio Aparicio,Odeon,78rpm,,30-32 Movies,,,,
Carlos Gardel,Carlos Gardel,Intimas,,Tango,28/8/1930,Carlos Gardel,Alfonso Ramiro Lacueva,Ricardo Luis Brignolo,Odeon,78rpm,,30-32 Movies,,,,
Carlos Gardel,Carlos Gardel,Padrino pelado,,Tango,28/8/1930,Carlos Gardel,Enrique Delfino,Julio Alberto Cantuarias,Odeon,78rpm,,30-32 Movies,,,,
Carlos Gardel,Carlos Gardel,El quinielero,,Tango,17/9/1930,Carlos Gardel,Luis Cluzeau Mortet,Roberto Ramón Aubriot Barboza,Odeon,78rpm,,30-32 Movies,,,,
Carlos Gardel,Carlos Gardel,Fayuto,,Tango,17/9/1930,Carlos Gardel,Rafael Ventura,Rafael Ventura,Odeon,78rpm,,30-32 Movies,,,,
Carlos Gardel,Carlos Gardel,Mala suerte,,Vals,17/9/1930,Carlos Gardel,José María Aguilar,Eugenio Cárdenas,Odeon,78rpm,,30-32 Movies,,,,
Carlos Gardel,Carlos Gardel,Clavel del aire,,Tango,19/9/1930,Carlos Gardel,Juan de Dios Filiberto,Fernán Silva Valdés,Odeon,78rpm,,30-32 Movies,,,,
Carlos Gardel,Carlos Gardel,La violeta,,Tango,19/9/1930,Carlos Gardel,Cátulo Castillo,Nicolás Olivari,Odeon,78rpm,,30-32 Movies,,,,
Carlos Gardel,Carlos Gardel,Delirio gaucho,,Vals,25/9/1930,Carlos Gardel,Alfredo Gobbi,Alfredo Gobbi,Odeon,78rpm,,30-32 Movies,,,,
Carlos Gardel,Carlos Gardel,Viva la patria,,Tango,25/9/1930,Carlos Gardel,,,Odeon,78rpm,,30-32 Movies,,,,
Carlos Gardel,Carlos Gardel,La mariposa,,Tango,30/9/1930,Carlos Gardel,Pedro Maffia,Celedonio Flores,Odeon,78rpm,,30-32 Movies,,,,
Carlos Gardel,Carlos Gardel,Viejo rincón,,Tango,30/9/1930,Carlos Gardel,Raúl de los Hoyos,Roberto Lino Cayol,Odeon,78rpm,,30-32 Movies,,,,
Carlos Gardel,Carlos Gardel,Silbando,,Tango,30/9/1930,Carlos Gardel,Cátulo Castillo y Sebastian Piana,José González Castillo,Odeon,78rpm,,30-32 Movies,,,,
Carlos Gardel,Carlos Gardel,Murmullos,,Tango,16/10/1930,Carlos Gardel,Froilán Aguilar,Juan Carlos Patrón,Odeon,78rpm,,30-32 Movies,,,,
Carlos Gardel,Carlos Gardel,Farolito de papel,,Tango,16/10/1930,Carlos Gardel,Teófilo Lespés - Mario Lespés,Francisco García Jiménez,Odeon,78rpm,,30-32 Movies,,,,
Carlos Gardel,Carlos Gardel,Hagame el favor,,Tango,16/10/1930,Carlos Gardel,José Rial,José Rial,Odeon,78rpm,,30-32 Movies,,,,
Carlos Gardel,Carlos Gardel,Yira… yira...,,Tango,16/10/1930,Carlos Gardel,Enrique Santos Discépolo,Enrique Santos Discépolo,Odeon,78rpm,,30-32 Movies,,,,
Carlos Gardel,Carlos Gardel,Recordando mi barrio,,Tango,17/10/1930,Carlos Gardel,José María Ruffet,José María Ruffet,Odeon,78rpm,,30-32 Movies,,,,
Carlos Gardel,Carlos Gardel,Anoche a las dos,,Tango,17/10/1930,Carlos Gardel,Raúl de los Hoyos,Roberto Cayol,Odeon,78rpm,,30-32 Movies,,,,
Carlos Gardel,Carlos Gardel,La ultima ronda,,Tango,4/11/1930,Carlos Gardel,Julio Fava Pollero,Francisco Lozano,Odeon,78rpm,,30-32 Movies,,,,
Carlos Gardel,Carlos Gardel,Llévame carretero,,Tango,4/11/1930,Carlos Gardel,Manuel Parada,José Cicarelli,Odeon,78rpm,,30-32 Movies,,,,
Carlos Gardel,Carlos Gardel,Buey manso,,Tango,1/12/1930,Carlos Gardel,Carmelo Muttarelli,Armando José María Tagini,Odeon,78rpm,,30-32 Movies,,,,
Carlos Gardel,Carlos Gardel,Pituca,,Tango,1/12/1930,Carlos Gardel,Rogelio Ferreyra y Enrique Cadicamo,Rogelio Ferreyra y Enrique Cadicamo,Odeon,78rpm,,30-32 Movies,,,,
Carlos Gardel,Carlos Gardel,"Giuseppe, el zapatero",,Tango,1/12/1930,Carlos Gardel,Guillermo Del Ciancio,Guillermo Del Ciancio,Odeon,78rpm,,30-32 Movies,,,,
Carlos Gardel,Carlos Gardel,"Muchachos, silencio",,Tango,1/12/1930,Carlos Gardel,Juan José Buscaglia,Alberto S. Ramponi,Odeon,78rpm,,30-32 Movies,,,,
Carlos Gardel,Carlos Gardel,Como la mosca,,Tango,1/12/1930,Carlos Gardel,Alberto Alonso,Roberto Aubriot Barboza,Odeon,78rpm,,30-32 Movies,,,,
Carlos Gardel,Carlos Gardel,La mariposa,,Tango,5/12/1930,Carlos Gardel,Pedro Maffia,Celedonio Flores,Odeon,78rpm,,30-32 Movies,,,,
Carlos Gardel,Carlos Gardel,Rosa de otoño,,Tango,5/12/1930,Carlos Gardel,Guillermo Barbieri,José Rial,Odeon,78rpm,,30-32 Movies,,,,
Carlos Gardel,Carlos Gardel,Senda florida,,Tango,5/12/1930,Carlos Gardel,Rafael Rossi,Eugenio Cárdenas,Odeon,78rpm,,30-32 Movies,,,,
Carlos Gardel,Carlos Gardel,Viejo rincón,,Tango,5/12/1930,Carlos Gardel,Roberto Lino Cayol,Roberto Lino Cayol,Odeon,78rpm,,30-32 Movies,,,,
Carlos Gardel,Carlos Gardel,Anclao en París,,Tango,28/5/1931,Carlos Gardel,Guillermo Barbieri,Domingo Enrique Cadícamo,Odeon,78rpm,,30-32 Movies,,,,
Carlos Gardel,Carlos Gardel,Madre hay una sola,,Tango,28/5/1931,Carlos Gardel,Agusun Bardi,José de la Vega,Odeon,78rpm,,30-32 Movies,,,,
Carlos Gardel,Carlos Gardel,Como abrazado a un rencor,,Tango,28/5/1931,Carlos Gardel,Rafael Rossi,Antonio Miguel Podestá,Odeon,78rpm,,30-32 Movies,,,,
Carlos Gardel,Carlos Gardel,Fondin de Pedro Mendoza,,Tango,28/5/1931,Carlos Gardel,Raúl de los Hoyos,Luis César Amadori,Odeon,78rpm,,30-32 Movies,,,,
Carlos Gardel,Carlos Gardel,Gotas de veneno,,Tango,28/5/1931,Carlos Gardel,Alberto Tavarozzi,Juan Carlos Welker,Odeon,78rpm,,30-32 Movies,,,,
Carlos Gardel,Carlos Gardel,Déja ya,,Vals,28/5/1931,Carlos Gardel,"Jean Lenoir, Elie Alvaz","Jean Lenoir, Elie Alvaz",Odeon,78rpm,,30-32 Movies,,,,
Carlos Gardel,Carlos Gardel,Riojana mía,,Vals,28/5/1931,Carlos Gardel,Ambrosio Río,Ambrosio Río,Odeon,78rpm,,30-32 Movies,,,,
Carlos Gardel,Carlos Gardel,Confesión,,Tango,3/9/1931,Carlos Gardel,Enrique Santos Discépolo,Luis César Amadori,Odeon,78rpm,,30-32 Movies,,,,
Carlos Gardel,Carlos Gardel,Anclao en París,,Tango,4/9/1931,Carlos Gardel,Guillermo Barbieri,Domingo Enrique Cadícamo,Odeon,78rpm,,30-32 Movies,,,,
Carlos Gardel,Carlos Gardel,Prepárate p´al domingo,,Tango,4/9/1931,Carlos Gardel,Guillermo Barbieri,José Rial,Odeon,78rpm,,30-32 Movies,,,,
Carlos Gardel,Carlos Gardel,Ofrenda maleva,,Tango,4/9/1931,Carlos Gardel,Guillermo Cavazza,Jacinto Font,Odeon,78rpm,,30-32 Movies,,,,
Carlos Gardel,Carlos Gardel,Esclavas blancas,,Tango,16/9/1931,Carlos Gardel,Guillermo Pettorossi,Guillermo Pettorossi,Odeon,78rpm,,30-32 Movies,,,,
Carlos Gardel,Carlos Gardel,Como abrazado a un rencor,,Tango,16/9/1931,Carlos Gardel,Rafael Rossi,Antonio Miguel Podestá,Odeon,78rpm,,30-32 Movies,,,,
Carlos Gardel,Orquesta de Kalikian Gregor,Deja,,Vals,21/9/1931,Carlos Gardel,"Jean Lenoir, Elie Alvaz","Jean Lenoir, Elie Alvaz",Odeon,78rpm,,30-32 Movies,,,,
Carlos Gardel,Carlos Gardel,Tomo y obligo,,Tango,28/9/1931,Carlos Gardel,Carlos Gardel,Manuel Romero,Odeon,78rpm,,30-32 Movies,,,,
Carlos Gardel,Carlos Gardel,Flor del valle,,Tango,28/9/1931,Carlos Gardel,Guillermo Desiderio Barbieri.,Guillermo Desiderio Barbieri.,Odeon,78rpm,,30-32 Movies,,,,
Carlos Gardel,Carlos Gardel,Trovas,,Tango,28/9/1931,Carlos Gardel,Ángel Domingo Riverol.,Guillermo D. Barbieri,Odeon,78rpm,,30-32 Movies,,,,
Carlos Gardel,Carlos Gardel,Taconeando,,Tango,26/10/1931,Carlos Gardel,Pedro Maffia.,José Horacio Staffolani,Odeon,78rpm,,30-32 Movies,,,,
Carlos Gardel,Carlos Gardel,Tomo y obligo,,Tango,26/10/1931,Carlos Gardel,Carlos Gardel,Manuel Romero,Odeon,78rpm,,30-32 Movies,,,,
Carlos Gardel,Carlos Gardel,Yo no se que me han hecho tus ojos,,Tango,26/10/1931,Carlos Gardel,Francisco Canaro,Francisco Canaro,Odeon,78rpm,,30-32 Movies,,,,
Carlos Gardel,Carlos Gardel,Madreselva,,Tango,27/10/1931,Carlos Gardel,Francisco Canaro,Luis César Amadori,Odeon,78rpm,,30-32 Movies,,,,
Carlos Gardel,Carlos Gardel,Falsas promesas,,Tango,27/10/1931,Carlos Gardel,Domingo Julio Riverol.,Eugenio Cárdenas,Odeon,78rpm,,30-32 Movies,,,,
Carlos Gardel,Carlos Gardel,Quejas del alma,,Vals,27/10/1931,Carlos Gardel,Domingo Julio Vivas,Juan Florencio Mazaroni,Odeon,78rpm,,30-32 Movies,,,,
Carlos Gardel,Carlos Gardel,Quien tuviera 18 años,,Tango,27/10/1931,Carlos Gardel,Guillermo D. Barbieri,Guillermo D. Barbieri,Odeon,78rpm,,30-32 Movies,,,,
Carlos Gardel,Carlos Gardel,Ojos maulas,,Tango,27/10/1931,Carlos Gardel,Luis Bernstein,Alfredo Faustino Roldán,Odeon,78rpm,,30-32 Movies,,,,
Carlos Gardel,Carlos Gardel,Mentira,,Tango,27/3/1932,Carlos Gardel,Francisco Pracánico,Celedonio Esteban Flores,Odeon,78rpm,,30-32 Movies,,,,
Carlos Gardel,Carlos Gardel,Pan,,Tango,27/3/1932,Carlos Gardel,Eduardo Pereyra,Celedonio Esteban Flores,Odeon,78rpm,,30-32 Movies,,,,
Carlos Gardel,Carlos Gardel,Otario que andas penando,,Tango,27/3/1932,Carlos Gardel,Enrique Delfino,Alberto Vacarezza,Odeon,78rpm,,30-32 Movies,,,,
Carlos Gardel,Carlos Gardel,Por favor dejame,,Tango,23/7/1932,Carlos Gardel,Modesto Romero,Rafael Ibáñez,Odeon,78rpm,,30-32 Movies,,,,
Carlos Gardel,Carlos Gardel,Sueno querido,,Tango,23/7/1932,Carlos Gardel,Ángel Maffia,Mario Battistella,Odeon,78rpm,,30-32 Movies,,,,
Carlos Gardel,Carlos Gardel,Sueno de juventud,,Vals,23/7/1932,Carlos Gardel,Enrique Santos Discépolo,Enrique Santos Discépolo,Odeon,78rpm,,30-32 Movies,,,,
Carlos Gardel,Carlos Gardel,Noches de Montmartre,,Tango,23/7/1932,Carlos Gardel,Manuel Pizarro,Carlos César Lenzi,Odeon,78rpm,,30-32 Movies,,,,
Carlos Gardel,Carlos Gardel,Aquellas cartas,,Tango,23/7/1932,Carlos Gardel,Juan Andrés Guirlanda,Roberto Maida,Odeon,78rpm,,30-32 Movies,,,,
Carlos Gardel,Carlos Gardel,Sorpresa,,Tango,23/7/1932,Carlos Gardel,Miguel Tanga,Juan Bautista Giliberti,Odeon,78rpm,,30-32 Movies,,,,
Carlos Gardel,Carlos Gardel,Cara rota,,Tango,23/7/1932,Carlos Gardel,Julio Fernández Falcón,Julio Fernández Falcón,Odeon,78rpm,,33-35 Return to BA,,,,
Carlos Gardel,Carlos Gardel,Sueño querido,,Tango,13/1/1933,Carlos Gardel,Angel Maffia,Mario Batisttella,Odeon,78rpm,,33-35 Return to BA,,,,
Carlos Gardel,Carlos Gardel,Aquellas cartas,,Tango,13/1/1933,Carlos Gardel,Juan Guirlanda,Roberto Maida,Odeon,78rpm,,33-35 Return to BA,,,,
Carlos Gardel,Carlos Gardel,Cara rota,,Tango,13/1/1933,Carlos Gardel,Julio F. Falcon,Julio F. Falcon,Odeon,78rpm,,33-35 Return to BA,,,,
Carlos Gardel,Carlos Gardel,Milonga sentimental,,Milonga,23/1/1933,Carlos Gardel,Sebastian Piana,Homero Manzi,Odeon,78rpm,,33-35 Return to BA,,,,
Carlos Gardel,Carlos Gardel,La canción de Buenos Aires,,Tango,23/1/1933,Carlos Gardel,Orestes Cufaro Azucena Maizani,Manuel Romero,Odeon,78rpm,,33-35 Return to BA,,,,
Carlos Gardel,Carlos Gardel,Secreto,,Tango,23/1/1933,Carlos Gardel,Enrique Santos Discepolo,Enrique Santos Discepolo,Odeon,78rpm,,33-35 Return to BA,,,,
Carlos Gardel,Carlos Gardel,Melodía de arrabal,,Tango,25/1/1933,Carlos Gardel,Carlos Gardel,Alfredo Le Pera - Mario Battistella,Odeon,78rpm,,33-35 Return to BA,,,,
Carlos Gardel,Carlos Gardel,Rencor,,Tango,25/1/1933,Carlos Gardel,Charlo,Luis Cesar Amadori,Odeon,78rpm,,33-35 Return to BA,,,,
Carlos Gardel,Carlos Gardel,Silencio,,Tango,14/2/1933,Carlos Gardel,Alfredo Le Pera - Horacio Pettorossi - Carlos Gardel,Alfredo Le Pera - Horacio Pettorossi - Carlos Gardel,Odeon,78rpm,,33-35 Return to BA,,,,
Carlos Gardel,Carlos Gardel,Ventarrón,,Tango,15/2/1933,Carlos Gardel,Pedro Maffia,Jose H. Staffolani,Odeon,78rpm,,33-35 Return to BA,,,,
Carlos Gardel,Carlos Gardel,Recuerdo malevo,,Tango,22/2/1933,Carlos Gardel,Carlos Gardel,Alfredo Le Pera,Odeon,78rpm,,33-35 Return to BA,,,,
Carlos Gardel,Carlos Gardel,Acquaforte,,Tango,22/2/1933,Carlos Gardel,Horacio Pettoross,Carlos Marambio Catan,Odeon,78rpm,,33-35 Return to BA,,,,
Carlos Gardel,Carlos Gardel,Al mundo le falta un tornillo,,Tango,22/2/1933,Carlos Gardel,Jose Maria Aguilar,Enrique Cadicamo,Odeon,78rpm,,33-35 Return to BA,,,,
Carlos Gardel,Carlos Gardel,Me da pena confesarlo,,Tango,22/2/1933,Carlos Gardel,Carlos Gardel,Alfredo Le Pera Mario Battistella,Odeon,78rpm,,33-35 Return to BA,,,,
Carlos Gardel,Carlos Gardel,La novia ausente,,Tango,9/3/1933,Carlos Gardel,Guillermo Barbieri,Enrique Cadicamo,Odeon,78rpm,,33-35 Return to BA,,,,
Carlos Gardel,Carlos Gardel,Estudiante,,Tango,17/3/1933,Carlos Gardel,Carlos Gardel Con la orquesta de Alberto Castellanos,Alfredo Le Pera Mario Battistella,Odeon,78rpm,,33-35 Return to BA,,,,
Carlos Gardel,Carlos Gardel,Silencio,,Tango,27/3/1933,Carlos Gardel,Alfredo Le Pera – Horacio Pettorossi – Carlos Gardel,Alfredo Le Pera – Horacio Pettorossi – Carlos Gardel,Odeon,78rpm,,33-35 Return to BA,,,,
Carlos Gardel,Carlos Gardel,Silencio,,Tango,13/5/1933,Carlos Gardel,Alfredo Le Pera – Horacio Pettorossi – Carlos Gardel,Alfredo Le Pera – Horacio Pettorossi – Carlos Gardel,Odeon,78rpm,,33-35 Return to BA,,,,
Carlos Gardel,Carlos Gardel,Naipe marcado,,Tango,13/5/1933,Carlos Gardel,Angel Greco,Angel Greco,Odeon,78rpm,,33-35 Return to BA,,,,
Carlos Gardel,Carlos Gardel,Araca la cana,,Tango,12/6/1933,Carlos Gardel,Enrique Delfino,Mario Rada,Odeon,78rpm,,33-35 Return to BA,,,,
Carlos Gardel,Carlos Gardel,Milonga del 900,,Milonga,12/6/1933,Carlos Gardel,Sebastian Piana,Homero Manzi,Odeon,78rpm,,33-35 Return to BA,,,,
Carlos Gardel,Carlos Gardel,Si se salva el pibe,,Tango,17/6/1933,Carlos Gardel,Francisco Pracanico,Celedonio Flores,Odeon,78rpm,,33-35 Return to BA,,,,
Carlos Gardel,Carlos Gardel,Desdén,,Tango,17/6/1933,Carlos Gardel,Carlos Gardel,Mario Battistella,Odeon,78rpm,,33-35 Return to BA,,,,
Carlos Gardel,Carlos Gardel,Noches de Atenas,,Vals,31/7/1933,Carlos Gardel,Horacio Pettorossi,Horacio Pettorossi,Odeon,78rpm,,33-35 Return to BA,,,,
Carlos Gardel,Carlos Gardel,La uruguayita Lucía,,Tango,25/8/1933,Carlos Gardel,Eduardo Pereyra,Daniel Baretto,Odeon,78rpm,,33-35 Return to BA,,,,
Carlos Gardel,Carlos Gardel,Amante corazón,,Vals,25/8/1933,Carlos Gardel,Domingo Vivas,Roberto Marano,Odeon,78rpm,,33-35 Return to BA,,,,
Carlos Gardel,Carlos Gardel,Cobardía,,Tango,25/8/1933,Carlos Gardel,Charlo,Luis Cesar Amadori,Odeon,78rpm,,33-35 Return to BA,,,,
Carlos Gardel,Carlos Gardel,Tenemos que abrirnos,,Tango,25/8/1933,Carlos Gardel,Alberto Acuna,Agustin Irusta,Odeon,78rpm,,33-35 Return to BA,,,,
Carlos Gardel,Carlos Gardel,Mi primer gol,,Tango,1/9/1933,Carlos Gardel,Miguel Bonano Horacio Pettorossi,Alejandro Fattorini,Odeon,78rpm,,33-35 Return to BA,,,,
Carlos Gardel,Carlos Gardel,Promesa,,Vals,13/9/1933,Carlos Gardel,Eddie Kay,Pablo Osvaldo Valle,Odeon,78rpm,,33-35 Return to BA,,,,
Carlos Gardel,Carlos Gardel,Si soy así,,Tango,13/9/1933,Carlos Gardel,Francisco Lomuto,Antonio Botta,Odeon,78rpm,,33-35 Return to BA,,,,
Carlos Gardel,Carlos Gardel,Medallita de la suerte,,Tango,18/9/1933,Carlos Gardel,Carlos Gardel Jose Razzano Gardel a duo consigo mismo,Mario Battistella,Odeon,78rpm,,33-35 Return to BA,,,,
Carlos Gardel,Carlos Gardel,Al pie de la santa cruz,,Tango,18/9/1933,Carlos Gardel,Enrique Delfino,Mario Battistella,Odeon,78rpm,,33-35 Return to BA,,,,
Carlos Gardel,Carlos Gardel,Angustias,,Tango,18/9/1933,Carlos Gardel,Horacio Pettorossi,Horacio Pettorossi,Odeon,78rpm,,33-35 Return to BA,,,,
Carlos Gardel,Carlos Gardel,Ausencia,,Vals,13/10/1933,Carlos Gardel,Francisco Bianco Carlos Gardel Jose Razzano,Francisco Bianco,Odeon,78rpm,,33-35 Return to BA,,,,
Carlos Gardel,Carlos Gardel,El que atrasó el reloj,,Tango,16/10/1933,Carlos Gardel,Guillermo Barbieri,Enrique Cadicamo,Odeon,78rpm,,33-35 Return to BA,,,,
Carlos Gardel,Orquesta T.Tucci,Cuesta abajo,,Tango,30/7/1934,Carlos Gardel,Carlos Gardel,Alfredo Le Pera,Victor,78rpm,,33-35 Return to BA,,,,
Carlos Gardel,Carlos Gardel,Mi Buenos Aires querido,,Tango,30/7/1934,Carlos Gardel,Carlos Gardel,Alfredo Le Pera,Victor,78rpm,,33-35 Return to BA,,,,
Carlos Gardel,Carlos Gardel,Amores de estudiante,,Vals,30/7/1934,Carlos Gardel,Carlos Gardel,Alfredo Le Pera,Victor,78rpm,,33-35 Return to BA,,,,
Carlos Gardel,Carlos Gardel,Golondrinas,,Tango,30/7/1934,Carlos Gardel,Carlos Gardel,Alfredo Le Pera,Victor,78rpm,,33-35 Return to BA,,,,
Carlos Gardel,Carlos Gardel,Soledad,,Tango,30/7/1934,Carlos Gardel,Carlos Gardel,Alfredo Le Pera,Victor,78rpm,,33-35 Return to BA,,,,
Carlos Gardel,Carlos Gardel,Amargura,,Tango,24/8/1934,Carlos Gardel,Carlos Gardel,Alfredo Le Pera,Victor,78rpm,,33-35 Return to BA,,,,
Carlos Gardel,Carlos Gardel,Arrabal amargo,,Tango,19/3/1935,Carlos Gardel,Carlos Gardel,Alfredo Le Pera,Victor,78rpm,,33-35 Return to BA,,,,
Carlos Gardel,Carlos Gardel,Sus ojos se cerraron,,Tango,19/3/1935,Carlos Gardel,Carlos Gardel,Alfredo Le Pera,Victor,78rpm,,33-35 Return to BA,,,,
Carlos Gardel,Carlos Gardel,Volver,,Tango,19/3/1935,Carlos Gardel,Carlos Gardel,Alfredo Le Pera,Victor,78rpm,,33-35 Return to BA,,,,
Carlos Gardel,Carlos Gardel,Por una cabeza,,Tango,19/3/1935,Carlos Gardel,Carlos Gardel,Alfredo Le Pera,Victor,78rpm,,33-35 Return to BA,,,,
Carlos Gardel,Carlos Gardel,Volvió una noche,,Tango,20/3/1935,Carlos Gardel,Carlos Gardel,Alfredo Le Pera,Victor,78rpm,,33-35 Return to BA,,,,
Carlos Gardel,Carlos Gardel,Cheating muchachita,,Tango,20/3/1935,Carlos Gardel,Carlos Gardel,Alfredo Le Pera,Victor,78rpm,,33-35 Return to BA,,,,
Carlos Gardel,Carlos Gardel,Amargura,,Tango,20/3/1935,Carlos Gardel,Carlos Gardel,Alfredo Le Pera,Victor,78rpm,,33-35 Return to BA,,,,
Carlos Gardel,Carlos Gardel,Medallita de la suerte,,Tango,19/10/1935,Carlos Gardel,Carlos Gardel y José Razzano,Mario Battistella,Odeon,78rpm,,33-35 Return to BA,,,,
Carlos Gardel,Carlos Gardel,Angustias,,Tango,22/10/1935,Carlos Gardel,Gardel a dúo consigo mismo,Horacio Pettorossi,Odeon,78rpm,,33-35 Return to BA,,,,
