Bandleader,Orchestra,Title,Alternative_Title,Genre,Date,Singer,Composer,Author,Label,Medium,Arranger,Grouping,Piano,Bassist,Bandoneons,Strings
Enrique Francini,Orquesta Francini-Pontier,Margó,,Tango,1/29/1946,Alberto Podestá,Armando Pontier,Homero Expósito,Víctor,78rpm,Armando Pontier,46-48 Initial Group,Juan José Paz,Rafael Del Bagno,"Armando Pontier, Angel Domínguez, Nicolás Paracino, Juan Salomone","Enrique Francini, Aquiles Aguilar, Mario Lalli, José Sarmiento, Adriano Fanelli (Cello), "
Enrique Francini,Orquesta Francini-Pontier,Sirva Otra Copa,,Tango,1/29/1946,Alberto Podestá,Arturo Gallucci,José Rótulo,Víctor,78rpm,Armando Pontier,46-48 Initial Group,Juan José Paz,Rafael Del Bagno,"Armando Pontier, Angel Domínguez, Nicolás Paracino, Juan Salomone","Enrique Francini, Aquiles Aguilar, Mario Lalli, José Sarmiento, Adriano Fanelli (Cello), "
Enrique Francini,Orquesta Francini-Pontier,El Mismo Dolor,,Vals,3/14/1946,Alberto Podestá,Enrique Francini,Carlos Bahr,Víctor,78rpm,Armando Pontier,46-48 Initial Group,Juan José Paz,Rafael Del Bagno,"Armando Pontier, Angel Domínguez, Nicolás Paracino, Juan Salomone","Enrique Francini, Aquiles Aguilar, Mario Lalli, José Sarmiento, Adriano Fanelli (Cello), "
Enrique Francini,Orquesta Francini-Pontier,Qué Me Van a Hablar de Amor!,,Tango,3/14/1946,Alberto Podestá,Héctor Stamponi,Homero Expósito,Víctor,78rpm,Armando Pontier,46-48 Initial Group,Juan José Paz,Rafael Del Bagno,"Armando Pontier, Angel Domínguez, Nicolás Paracino, Juan Salomone","Enrique Francini, Aquiles Aguilar, Mario Lalli, José Sarmiento, Adriano Fanelli (Cello), "
Enrique Francini,Orquesta Francini-Pontier,Remolino,,Tango,5/17/1946,Raúl Berón,Alfredo de Ángelis,José Rótulo,Víctor,78rpm,Armando Pontier,46-48 Initial Group,Juan José Paz,Rafael Del Bagno,"Armando Pontier, Angel Domínguez, Nicolás Paracino, Juan Salomone","Enrique Francini, Aquiles Aguilar, Mario Lalli, José Sarmiento, Adriano Fanelli (Cello), "
Enrique Francini,Orquesta Francini-Pontier,Trapitos,,Milonga,5/17/1946,Alberto Podestá,José Canet,José Canet,Víctor,78rpm,Armando Pontier,46-48 Initial Group,Juan José Paz,Rafael Del Bagno,"Armando Pontier, Angel Domínguez, Nicolás Paracino, Juan Salomone","Enrique Francini, Aquiles Aguilar, Mario Lalli, José Sarmiento, Adriano Fanelli (Cello), "
Enrique Francini,Orquesta Francini-Pontier,Con Ella en el Mar,,Vals,9/4/1946,Raúl Berón,Enrique Francini,Horacio Sanguinetti,Víctor,78rpm,Armando Pontier,46-48 Initial Group,Juan José Paz,Rafael Del Bagno,"Armando Pontier, Angel Domínguez, Nicolás Paracino, Juan Salomone","Enrique Francini, Aquiles Aguilar, Mario Lalli, José Sarmiento, Adriano Fanelli (Cello), "
Enrique Francini,Orquesta Francini-Pontier,El Milagro,,Tango,9/4/1946,Alberto Podestá,Armando Pontier,Homero Expósito,Víctor,78rpm,Armando Pontier,46-48 Initial Group,Juan José Paz,Rafael Del Bagno,"Armando Pontier, Angel Domínguez, Nicolás Paracino, Juan Salomone","Enrique Francini, Aquiles Aguilar, Mario Lalli, José Sarmiento, Adriano Fanelli (Cello), "
Enrique Francini,Orquesta Francini-Pontier,Arrabal,,Tango,10/21/1946,Instrumental,José Pascual,,Víctor,78rpm,Armando Pontier,46-48 Initial Group,Juan José Paz,Rafael Del Bagno,"Armando Pontier, Angel Domínguez, Nicolás Paracino, Juan Salomone","Enrique Francini, Aquiles Aguilar, Mario Lalli, José Sarmiento, Adriano Fanelli (Cello), "
Enrique Francini,Orquesta Francini-Pontier,Cobrate y Dame el Vuelto,,Milonga,10/21/1946,Raúl Berón y glosas de Enrique Rosales,Miguel Caló,Enrique Dizeo,Víctor,78rpm,Armando Pontier,46-48 Initial Group,Juan José Paz,Rafael Del Bagno,"Armando Pontier, Angel Domínguez, Nicolás Paracino, Juan Salomone","Enrique Francini, Aquiles Aguilar, Mario Lalli, José Sarmiento, Adriano Fanelli (Cello), "
Enrique Francini,Orquesta Francini-Pontier,Alma de Bohemio,,Tango,11/13/1946,Alberto Podestá,Roberto Firpo,Juan Caruso,Víctor,78rpm,Armando Pontier,46-48 Initial Group,Juan José Paz,Rafael Del Bagno,"Armando Pontier, Angel Domínguez, Nicolás Paracino, Juan Salomone","Enrique Francini, Aquiles Aguilar, Mario Lalli, José Sarmiento, Adriano Fanelli (Cello), "
Enrique Francini,Orquesta Francini-Pontier,Pichuco,,Tango,11/13/1946,Instrumental,Armando Pontier,,Víctor,78rpm,Armando Pontier,46-48 Initial Group,Juan José Paz,Rafael Del Bagno,"Armando Pontier, Angel Domínguez, Nicolás Paracino, Juan Salomone","Enrique Francini, Aquiles Aguilar, Mario Lalli, José Sarmiento, Adriano Fanelli (Cello), "
Enrique Francini,Orquesta Francini-Pontier,La Cumparsita,Si Supieras,Tango,12/16/1946,Alberto Podestá,Gerardo Rodríguez,"Pascual Contursi, Enrique Maroni, Gerardo Rodríguez",Víctor,78rpm,Armando Pontier,46-48 Initial Group,Juan José Paz,Rafael Del Bagno,"Armando Pontier, Angel Domínguez, Nicolás Paracino, Juan Salomone","Enrique Francini, Aquiles Aguilar, Mario Lalli, José Sarmiento, Adriano Fanelli (Cello), "
Enrique Francini,Orquesta Francini-Pontier,Milonga de Esquina,,Milonga,12/16/1946,Raúl Berón,Enrique Francini,Héctor Marcó,Víctor,78rpm,Armando Pontier,46-48 Initial Group,Juan José Paz,Rafael Del Bagno,"Armando Pontier, Angel Domínguez, Nicolás Paracino, Juan Salomone","Enrique Francini, Aquiles Aguilar, Mario Lalli, José Sarmiento, Adriano Fanelli (Cello), "
Enrique Francini,Orquesta Francini-Pontier,"Adiós, Marinero",,Tango,1/16/1947,Alberto Podestá y Raúl Berón,Arturo Gallucci,"Reinaldo Yiso, Félix Villa",Víctor,78rpm,Armando Pontier,46-48 Initial Group,Juan José Paz,Rafael Del Bagno,"Armando Pontier, Angel Domínguez, Nicolás Paracino, Juan Salomone","Enrique Francini, Aquiles Aguilar, Mario Lalli, José Sarmiento, Adriano Fanelli (Cello), "
Enrique Francini,Orquesta Francini-Pontier,Sin Palabras,,Tango,1/16/1947,Alberto Podestá,Mariano Mores,Enrique Discépolo,Víctor,78rpm,Armando Pontier,46-48 Initial Group,Juan José Paz,Rafael Del Bagno,"Armando Pontier, Angel Domínguez, Nicolás Paracino, Juan Salomone","Enrique Francini, Aquiles Aguilar, Mario Lalli, José Sarmiento, Adriano Fanelli (Cello), "
Enrique Francini,Orquesta Francini-Pontier,A su Memoria,,Vals,3/5/1947,Roberto Rufino,Antonio Sureda,Homero Manzi,Víctor,78rpm,Armando Pontier,46-48 Initial Group,Juan José Paz,Rafael Del Bagno,"Armando Pontier, Angel Domínguez, Nicolás Paracino, Juan Salomone","Enrique Francini, Aquiles Aguilar, Mario Lalli, José Sarmiento, Adriano Fanelli (Cello), "
Enrique Francini,Orquesta Francini-Pontier,La Yumba,,Tango,3/5/1947,Instrumental,Osvaldo Pugliese,,Víctor,78rpm,Armando Pontier,46-48 Initial Group,Juan José Paz,Rafael Del Bagno,"Armando Pontier, Angel Domínguez, Nicolás Paracino, Juan Salomone","Enrique Francini, Aquiles Aguilar, Mario Lalli, José Sarmiento, Adriano Fanelli (Cello), "
Enrique Francini,Orquesta Francini-Pontier,"Déjame, No Quiero Verte Más",Déjame!,Tango,4/2/1947,Roberto Rufino,"Francisco Canaro, Mariano Mores, Ivo Pelay","Francisco Canaro, Mariano Mores, Ivo Pelay",Víctor,78rpm,Armando Pontier,46-48 Initial Group,Juan José Paz,Rafael Del Bagno,"Armando Pontier, Angel Domínguez, Nicolás Paracino, Juan Salomone","Enrique Francini, Aquiles Aguilar, Mario Lalli, José Sarmiento, Adriano Fanelli (Cello), "
Enrique Francini,Orquesta Francini-Pontier,Y Dicen que No Te Quiero,,Tango,4/2/1947,Raúl Berón,José Canet,José Canet,Víctor,78rpm,Armando Pontier,46-48 Initial Group,Juan José Paz,Rafael Del Bagno,"Armando Pontier, Angel Domínguez, Nicolás Paracino, Juan Salomone","Enrique Francini, Aquiles Aguilar, Mario Lalli, José Sarmiento, Adriano Fanelli (Cello), "
Enrique Francini,Orquesta Francini-Pontier,La Culpa Es Mía,,Tango,6/11/1947,Raúl Berón,Arturo Gallucci,Victorino Velázquez,Víctor,78rpm,Armando Pontier,46-48 Initial Group,Juan José Paz,Rafael Del Bagno,"Armando Pontier, Angel Domínguez, Nicolás Paracino, Juan Salomone","Enrique Francini, Aquiles Aguilar, Mario Lalli, José Sarmiento, Adriano Fanelli (Cello), "
Enrique Francini,Orquesta Francini-Pontier,Los Despojos,,Tango,6/11/1947,Roberto Rufino,José Dames,Horacio Sanguinetti,Víctor,78rpm,Armando Pontier,46-48 Initial Group,Juan José Paz,Rafael Del Bagno,"Armando Pontier, Angel Domínguez, Nicolás Paracino, Juan Salomone","Enrique Francini, Aquiles Aguilar, Mario Lalli, José Sarmiento, Adriano Fanelli (Cello), "
Enrique Francini,Orquesta Francini-Pontier,Tigre Viejo,,Tango,7/8/1947,Instrumental,Salvador Grupillo,,Víctor,78rpm,Armando Pontier,46-48 Initial Group,Juan José Paz,Rafael Del Bagno,"Armando Pontier, Angel Domínguez, Nicolás Paracino, Juan Salomone","Enrique Francini, Aquiles Aguilar, Mario Lalli, José Sarmiento, Adriano Fanelli (Cello), "
Enrique Francini,Orquesta Francini-Pontier,Óyeme,,Tango,7/8/1947,Roberto Rufino,Enrique Francini,Homero Expósito,Víctor,78rpm,Armando Pontier,46-48 Initial Group,Juan José Paz,Rafael Del Bagno,"Armando Pontier, Angel Domínguez, Nicolás Paracino, Juan Salomone","Enrique Francini, Aquiles Aguilar, Mario Lalli, José Sarmiento, Adriano Fanelli (Cello), "
Enrique Francini,Orquesta Francini-Pontier,Camouflage,Camuflaje,Tango,8/13/1947,Raúl Berón,Enrique Franchini,José García,Víctor,78rpm,Armando Pontier,46-48 Initial Group,Juan José Paz,Rafael Del Bagno,"Armando Pontier, Angel Domínguez, Nicolás Paracino, Juan Salomone","Enrique Francini, Aquiles Aguilar, Mario Lalli, José Sarmiento, Adriano Fanelli (Cello), "
Enrique Francini,Orquesta Francini-Pontier,Uno y Uno,1 y 1,Tango,8/13/1947,Raúl Berón,Julio Pollero,Lorenzo Traverso,Víctor,78rpm,Armando Pontier,46-48 Initial Group,Juan José Paz,Rafael Del Bagno,"Armando Pontier, Angel Domínguez, Nicolás Paracino, Juan Salomone","Enrique Francini, Aquiles Aguilar, Mario Lalli, José Sarmiento, Adriano Fanelli (Cello), "
Enrique Francini,Orquesta Francini-Pontier,Boedo,,Tango,9/24/1947,Instrumental,Julio de Caro,Dante Linyera,Víctor,78rpm,Armando Pontier,46-48 Initial Group,Juan José Paz,Rafael Del Bagno,"Armando Pontier, Angel Domínguez, Nicolás Paracino, Juan Salomone","Enrique Francini, Aquiles Aguilar, Mario Lalli, José Sarmiento, Adriano Fanelli (Cello), "
Enrique Francini,Orquesta Francini-Pontier,Nunca Tuvo Novio,La que Nunca Tuvo Novio,Tango,9/24/1947,Roberto Rufino,Agustín Bardi,Enrique Cadícamo,Víctor,78rpm,Armando Pontier,46-48 Initial Group,Juan José Paz,Rafael Del Bagno,"Armando Pontier, Angel Domínguez, Nicolás Paracino, Juan Salomone","Enrique Francini, Aquiles Aguilar, Mario Lalli, José Sarmiento, Adriano Fanelli (Cello), "
Enrique Francini,Orquesta Francini-Pontier,La Beba,,Tango,11/10/1947,Instrumental,Osvaldo Pugliese,,Víctor,78rpm,Armando Pontier,46-48 Initial Group,Juan José Paz,Rafael Del Bagno,"Armando Pontier, Angel Domínguez, Nicolás Paracino, Juan Salomone","Enrique Francini, Aquiles Aguilar, Mario Lalli, José Sarmiento, Adriano Fanelli (Cello), "
Enrique Francini,Orquesta Francini-Pontier,Por H O por B,"Por ""h"" O por ""b""",Milonga,11/10/1947,Raúl Berón y glosas de Enrique Rosales,Edgardo Donato,Enrique Dizeo,Víctor,78rpm,Armando Pontier,46-48 Initial Group,Juan José Paz,Rafael Del Bagno,"Armando Pontier, Angel Domínguez, Nicolás Paracino, Juan Salomone","Enrique Francini, Aquiles Aguilar, Mario Lalli, José Sarmiento, Adriano Fanelli (Cello), "
Enrique Francini,Orquesta Francini-Pontier,Canción Para un Breve Final,,Tango,2/4/1948,Roberto Rufino,Armando Pontier,Homero Expósito,Víctor,78rpm,Armando Pontier,46-48 Initial Group,Juan José Paz,Rafael Del Bagno,"Armando Pontier, Angel Domínguez, Nicolás Paracino, Juan Salomone","Enrique Francini, Aquiles Aguilar, Mario Lalli, José Sarmiento, Adriano Fanelli (Cello), "
Enrique Francini,Orquesta Francini-Pontier,Primer Beso,,Vals,2/4/1948,Raúl Berón y Roberto Rufino,"Pedro Noda, Carlos Dante",Héctor Gagliardi,Víctor,78rpm,Armando Pontier,46-48 Initial Group,Juan José Paz,Rafael Del Bagno,"Armando Pontier, Angel Domínguez, Nicolás Paracino, Juan Salomone","Enrique Francini, Aquiles Aguilar, Mario Lalli, José Sarmiento, Adriano Fanelli (Cello), "
Enrique Francini,Orquesta Francini-Pontier,A Zárate,,Tango,3/24/1948,Instrumental,Armando Pontier,,Víctor,78rpm,Armando Pontier,46-48 Initial Group,Juan José Paz,Rafael Del Bagno,"Armando Pontier, Angel Domínguez, Nicolás Paracino, Juan Salomone","Enrique Francini, Aquiles Aguilar, Mario Lalli, José Sarmiento, Adriano Fanelli (Cello), "
Enrique Francini,Orquesta Francini-Pontier,Una Carta Para Italia,,Tango,3/24/1948,Roberto Rufino,"Reinaldo Yiso, Santos Lipesker","Reinaldo Yiso, Santos Lipesker",Víctor,78rpm,Armando Pontier,46-48 Initial Group,Juan José Paz,Rafael Del Bagno,"Armando Pontier, Angel Domínguez, Nicolás Paracino, Juan Salomone","Enrique Francini, Aquiles Aguilar, Mario Lalli, José Sarmiento, Adriano Fanelli (Cello), "
Enrique Francini,Orquesta Francini-Pontier,Como Tú,,Tango,4/8/1948,Raúl Berón,Ángel Domínguez,José Rótulo,Víctor,78rpm,Armando Pontier,46-48 Initial Group,Juan José Paz,Rafael Del Bagno,"Armando Pontier, Angel Domínguez, Nicolás Paracino, Juan Salomone","Enrique Francini, Aquiles Aguilar, Mario Lalli, José Sarmiento, Adriano Fanelli (Cello), "
Enrique Francini,Orquesta Francini-Pontier,El Pecoso,,Tango,4/8/1948,Roberto Rufino,Arturo Gallucci,Raúl Hormaza,Víctor,78rpm,Armando Pontier,46-48 Initial Group,Juan José Paz,Rafael Del Bagno,"Armando Pontier, Angel Domínguez, Nicolás Paracino, Juan Salomone","Enrique Francini, Aquiles Aguilar, Mario Lalli, José Sarmiento, Adriano Fanelli (Cello), "
Enrique Francini,Orquesta Francini-Pontier,A Mi Madre,Pobre Madre,Vals,5/10/1948,Roberto Rufino,Francisco Peña,,Víctor,78rpm,Armando Pontier,46-48 Initial Group,Juan José Paz,Rafael Del Bagno,"Armando Pontier, Angel Domínguez, Nicolás Paracino, Juan Salomone","Enrique Francini, Aquiles Aguilar, Mario Lalli, José Sarmiento, Adriano Fanelli (Cello), "
Enrique Francini,Orquesta Francini-Pontier,Cargamento,,Milonga,9/16/1948,Raúl Berón,Arturo Gallucci,Raúl Hormaza,Víctor,78rpm,Armando Pontier,46-48 Initial Group,Juan José Paz,Rafael Del Bagno,"Armando Pontier, Angel Domínguez, Nicolás Paracino, Juan Salomone","Enrique Francini, Aquiles Aguilar, Mario Lalli, José Sarmiento, Adriano Fanelli (Cello), "
Enrique Francini,Orquesta Francini-Pontier,Los Días Pasarán,,Tango,9/16/1948,Roberto Rufino,Juan Paz,Carlos Bahr,Víctor,78rpm,Armando Pontier,46-48 Initial Group,Juan José Paz,Rafael Del Bagno,"Armando Pontier, Angel Domínguez, Nicolás Paracino, Juan Salomone","Enrique Francini, Aquiles Aguilar, Mario Lalli, José Sarmiento, Adriano Fanelli (Cello), "
Enrique Francini,Orquesta Francini-Pontier,República Argentina,,Vals,9/30/1948,Raúl Berón y Roberto Rufino,Santos Lipesker,Reinaldo Yiso,Víctor,78rpm,Armando Pontier,46-48 Initial Group,Juan José Paz,Rafael Del Bagno,"Armando Pontier, Angel Domínguez, Nicolás Paracino, Juan Salomone","Enrique Francini, Aquiles Aguilar, Mario Lalli, José Sarmiento, Adriano Fanelli (Cello), "
Enrique Francini,Orquesta Francini-Pontier,Un Día Más,,Tango,9/30/1948,Roberto Rufino,Enrique Francini,Héctor Marcó,Víctor,78rpm,Armando Pontier,46-48 Initial Group,Juan José Paz,Rafael Del Bagno,"Armando Pontier, Angel Domínguez, Nicolás Paracino, Juan Salomone","Enrique Francini, Aquiles Aguilar, Mario Lalli, José Sarmiento, Adriano Fanelli (Cello), "
Enrique Francini,Orquesta Francini-Pontier,A José Manuel Moreno,,Tango,1/28/1949,Instrumental,Armando Pontier,,Víctor,78rpm,Armando Pontier,48-53 Lineup Change,Juan José Paz,Fernando Cabarcos,"Armando Pontier, Nicolás Paracino, Antonio Roscini, Angel Di Giovanni","Enrique Francini, Aquiles Aguilar, Emilio González, Alberto Del Bagno, Adriano Fanelli (Cello), "
Enrique Francini,Orquesta Francini-Pontier,Cuatro Líneas Para el Cielo,,Tango,1/28/1949,Roberto Rufino,Arturo Gallucci,Reinaldo Yiso,Víctor,78rpm,Armando Pontier,48-53 Lineup Change,Juan José Paz,Fernando Cabarcos,"Armando Pontier, Nicolás Paracino, Antonio Roscini, Angel Di Giovanni","Enrique Francini, Aquiles Aguilar, Emilio González, Alberto Del Bagno, Adriano Fanelli (Cello), "
Enrique Francini,Orquesta Francini-Pontier,Alergia,,Milonga,2/3/1949,Raúl Berón,Enrique Francini,Héctor Gagliardi,Víctor,78rpm,Armando Pontier,48-53 Lineup Change,Juan José Paz,Fernando Cabarcos,"Armando Pontier, Nicolás Paracino, Antonio Roscini, Angel Di Giovanni","Enrique Francini, Aquiles Aguilar, Emilio González, Alberto Del Bagno, Adriano Fanelli (Cello), "
Enrique Francini,Orquesta Francini-Pontier,Claveles Blancos,,Tango,2/3/1949,Roberto Rufino,Armando Pontier,José Contursi,Víctor,78rpm,Armando Pontier,48-53 Lineup Change,Juan José Paz,Fernando Cabarcos,"Armando Pontier, Nicolás Paracino, Antonio Roscini, Angel Di Giovanni","Enrique Francini, Aquiles Aguilar, Emilio González, Alberto Del Bagno, Adriano Fanelli (Cello), "
Enrique Francini,Orquesta Francini-Pontier,Calesita de Barrio,,Tango,8/1/1949,Alberto Podestá,Juan Paz,Justo Otero,Víctor,Micro,Armando Pontier,48-53 Lineup Change,Juan José Paz,Fernando Cabarcos,"Armando Pontier, Nicolás Paracino, Antonio Roscini, Angel Di Giovanni","Enrique Francini, Aquiles Aguilar, Emilio González, Alberto Del Bagno, Adriano Fanelli (Cello), "
Enrique Francini,Orquesta Francini-Pontier,El Hijo Triste,,Vals,8/1/1949,Alberto Podestá y Julio Sosa,Enrique Francini,Horacio Sanguinetti,Víctor,Micro,Armando Pontier,48-53 Lineup Change,Juan José Paz,Fernando Cabarcos,"Armando Pontier, Nicolás Paracino, Antonio Roscini, Angel Di Giovanni","Enrique Francini, Aquiles Aguilar, Emilio González, Alberto Del Bagno, Adriano Fanelli (Cello), "
Enrique Francini,Orquesta Francini-Pontier,Lloró Como una Mujer,,Tango,9/27/1949,Julio Sosa,José Aguilar,Celedonio Flores,Víctor,Micro,Armando Pontier,48-53 Lineup Change,Juan José Paz,Fernando Cabarcos,"Armando Pontier, Nicolás Paracino, Antonio Roscini, Angel Di Giovanni","Enrique Francini, Aquiles Aguilar, Emilio González, Alberto Del Bagno, Adriano Fanelli (Cello), "
Enrique Francini,Orquesta Francini-Pontier,Santa Mía,,Tango,9/27/1949,Alberto Podestá,Ángel Domínguez,José Rótulo,Víctor,Micro,Armando Pontier,48-53 Lineup Change,Juan José Paz,Fernando Cabarcos,"Armando Pontier, Nicolás Paracino, Antonio Roscini, Angel Di Giovanni","Enrique Francini, Aquiles Aguilar, Emilio González, Alberto Del Bagno, Adriano Fanelli (Cello), "
Enrique Francini,Orquesta Francini-Pontier,El Apache Argentino,,Tango,11/10/1949,Instrumental,Manuel Aróztegui,,Víctor,Micro,Armando Pontier,48-53 Lineup Change,Juan José Paz,Fernando Cabarcos,"Armando Pontier, Nicolás Paracino, Antonio Roscini, Angel Di Giovanni","Enrique Francini, Aquiles Aguilar, Emilio González, Alberto Del Bagno, Adriano Fanelli (Cello), "
Enrique Francini,Orquesta Francini-Pontier,Una Historia Como Tantas,,Tango,11/10/1949,Alberto Podestá,Armando Pontier,Héctor Marcó,Víctor,Micro,Armando Pontier,48-53 Lineup Change,Juan José Paz,Fernando Cabarcos,"Armando Pontier, Nicolás Paracino, Antonio Roscini, Angel Di Giovanni","Enrique Francini, Aquiles Aguilar, Emilio González, Alberto Del Bagno, Adriano Fanelli (Cello), "
Enrique Francini,Orquesta Francini-Pontier,Che Bandoneón,,Tango,3/7/1950,Alberto Podestá,Aníbal Troilo,Homero Manzi,Víctor,Micro,Armando Pontier,48-53 Lineup Change,Juan José Paz,Fernando Cabarcos,"Armando Pontier, Nicolás Paracino, Antonio Roscini, Angel Di Giovanni","Enrique Francini, Aquiles Aguilar, Emilio González, Alberto Del Bagno, Adriano Fanelli (Cello), "
Enrique Francini,Orquesta Francini-Pontier,El Ciruja,,Tango,3/7/1950,Julio Sosa,Ernesto de la Cruz,Francisco Marino,Víctor,Micro,Armando Pontier,48-53 Lineup Change,Juan José Paz,Fernando Cabarcos,"Armando Pontier, Nicolás Paracino, Antonio Roscini, Angel Di Giovanni","Enrique Francini, Aquiles Aguilar, Emilio González, Alberto Del Bagno, Adriano Fanelli (Cello), "
Enrique Francini,Orquesta Francini-Pontier,Para Lucirse,,Tango,3/22/1950,Instrumental,Astor Piazzolla,,Víctor,Micro,Armando Pontier,48-53 Lineup Change,Juan José Paz,Fernando Cabarcos,"Armando Pontier, Nicolás Paracino, Antonio Roscini, Angel Di Giovanni","Enrique Francini, Aquiles Aguilar, Emilio González, Alberto Del Bagno, Adriano Fanelli (Cello), "
Enrique Francini,Orquesta Francini-Pontier,Tu Piel de Jazmín,,Tango,3/22/1950,Alberto Podestá,Mariano Mores,José Contursi,Víctor,Micro,Armando Pontier,48-53 Lineup Change,Juan José Paz,Fernando Cabarcos,"Armando Pontier, Nicolás Paracino, Antonio Roscini, Angel Di Giovanni","Enrique Francini, Aquiles Aguilar, Emilio González, Alberto Del Bagno, Adriano Fanelli (Cello), "
Enrique Francini,Orquesta Francini-Pontier,En la Capilla,,Tango,5/11/1950,Alberto Podestá,Aquiles Aguilar,José Contursi,Víctor,Micro,Armando Pontier,48-53 Lineup Change,Juan José Paz,Fernando Cabarcos,"Armando Pontier, Nicolás Paracino, Antonio Roscini, Angel Di Giovanni","Enrique Francini, Aquiles Aguilar, Emilio González, Alberto Del Bagno, Adriano Fanelli (Cello), "
Enrique Francini,Orquesta Francini-Pontier,Tan Sólo por Verte,,Tango,5/11/1950,Julio Sosa,Horacio Cabarcos,Alfredo Lorenzo,Víctor,Micro,Armando Pontier,48-53 Lineup Change,Juan José Paz,Fernando Cabarcos,"Armando Pontier, Nicolás Paracino, Antonio Roscini, Angel Di Giovanni","Enrique Francini, Aquiles Aguilar, Emilio González, Alberto Del Bagno, Adriano Fanelli (Cello), "
Enrique Francini,Orquesta Francini-Pontier,A los Amigos,,Tango,6/1/1950,Instrumental,Armando Pontier,,Víctor,Micro,Armando Pontier,48-53 Lineup Change,Juan José Paz,Fernando Cabarcos,"Armando Pontier, Nicolás Paracino, Antonio Roscini, Angel Di Giovanni","Enrique Francini, Aquiles Aguilar, Emilio González, Alberto Del Bagno, Adriano Fanelli (Cello), "
Enrique Francini,Orquesta Francini-Pontier,Cerraste los Ojos,,Vals,6/1/1950,Alberto Podestá,Juan Paz,Justo Otero,Víctor,Micro,Armando Pontier,48-53 Lineup Change,Juan José Paz,Fernando Cabarcos,"Armando Pontier, Nicolás Paracino, Antonio Roscini, Angel Di Giovanni","Enrique Francini, Aquiles Aguilar, Emilio González, Alberto Del Bagno, Adriano Fanelli (Cello), "
Enrique Francini,Orquesta Francini-Pontier,Delirio,,Tango,12/5/1950,Instrumental,Enrique Francini,,Víctor,Micro,Armando Pontier,48-53 Lineup Change,Juan José Paz,Fernando Cabarcos,"Armando Pontier, Nicolás Paracino, Antonio Roscini, Angel Di Giovanni","Enrique Francini, Aquiles Aguilar, Emilio González, Alberto Del Bagno, Adriano Fanelli (Cello), "
Enrique Francini,Orquesta Francini-Pontier,Dicen que Dicen,,Tango,12/5/1950,Julio Sosa,Enrique Delfino,Alberto Ballestero,Víctor,Micro,Armando Pontier,48-53 Lineup Change,Juan José Paz,Fernando Cabarcos,"Armando Pontier, Nicolás Paracino, Antonio Roscini, Angel Di Giovanni","Enrique Francini, Aquiles Aguilar, Emilio González, Alberto Del Bagno, Adriano Fanelli (Cello), "
Enrique Francini,Orquesta Francini-Pontier,A Dos Puntas,,Tango,4/18/1951,Instrumental,"Juan Salomone, Nicolás Paracino",,Víctor,Micro,Armando Pontier,48-53 Lineup Change,Juan José Paz,Fernando Cabarcos,"Armando Pontier, Nicolás Paracino, Antonio Roscini, Angel Di Giovanni","Enrique Francini, Aquiles Aguilar, Emilio González, Alberto Del Bagno, Adriano Fanelli (Cello), "
Enrique Francini,Orquesta Francini-Pontier,Mi Sentencia,,Tango,4/18/1951,Julio Sosa,Armando Pontier,Armando Pontier,Víctor,Micro,Armando Pontier,48-53 Lineup Change,Juan José Paz,Fernando Cabarcos,"Armando Pontier, Nicolás Paracino, Antonio Roscini, Angel Di Giovanni","Enrique Francini, Aquiles Aguilar, Emilio González, Alberto Del Bagno, Adriano Fanelli (Cello), "
Enrique Francini,Orquesta Francini-Pontier,Discepolín,,Tango,5/11/1951,Héctor Montes,Aníbal Troilo,Homero Manzi,Víctor,Micro,Armando Pontier,48-53 Lineup Change,Juan José Paz,Fernando Cabarcos,"Armando Pontier, Nicolás Paracino, Antonio Roscini, Angel Di Giovanni","Enrique Francini, Aquiles Aguilar, Emilio González, Alberto Del Bagno, Adriano Fanelli (Cello), "
Enrique Francini,Orquesta Francini-Pontier,Princesa de Fango,Princesa del Fango,Tango,5/11/1951,Julio Sosa,Enrique Francini,Horacio Sanguinetti,Víctor,Micro,Armando Pontier,48-53 Lineup Change,Juan José Paz,Fernando Cabarcos,"Armando Pontier, Nicolás Paracino, Antonio Roscini, Angel Di Giovanni","Enrique Francini, Aquiles Aguilar, Emilio González, Alberto Del Bagno, Adriano Fanelli (Cello), "
Enrique Francini,Orquesta Francini-Pontier,A Pedido,,Tango,7/10/1951,Instrumental,Juan Paz,,Víctor,Micro,Armando Pontier,48-53 Lineup Change,Juan José Paz,Fernando Cabarcos,"Armando Pontier, Nicolás Paracino, Antonio Roscini, Angel Di Giovanni","Enrique Francini, Aquiles Aguilar, Emilio González, Alberto Del Bagno, Adriano Fanelli (Cello), "
Enrique Francini,Orquesta Francini-Pontier,Pa' que Sepan Como Soy,,Tango,7/10/1951,Julio Sosa,Emilio González,Norbeto Aroldi,Víctor,Micro,Armando Pontier,48-53 Lineup Change,Juan José Paz,Fernando Cabarcos,"Armando Pontier, Nicolás Paracino, Antonio Roscini, Angel Di Giovanni","Enrique Francini, Aquiles Aguilar, Emilio González, Alberto Del Bagno, Adriano Fanelli (Cello), "
Enrique Francini,Orquesta Francini-Pontier,A Mis Amores,,Tango,1/23/1952,Instrumental,Armando Pontier,,Víctor,Micro,Armando Pontier,48-53 Lineup Change,Juan José Paz,Fernando Cabarcos,"Armando Pontier, Nicolás Paracino, Antonio Roscini, Angel Di Giovanni","Enrique Francini, Aquiles Aguilar, Emilio González, Alberto Del Bagno, Adriano Fanelli (Cello), "
Enrique Francini,Orquesta Francini-Pontier,Una Triste Verdad,,Vals,1/23/1952,Héctor Montes,Enrique Francini,Mariel Mistral,Víctor,Micro,Armando Pontier,48-53 Lineup Change,Juan José Paz,Fernando Cabarcos,"Armando Pontier, Nicolás Paracino, Antonio Roscini, Angel Di Giovanni","Enrique Francini, Aquiles Aguilar, Emilio González, Alberto Del Bagno, Adriano Fanelli (Cello), "
Enrique Francini,Orquesta Francini-Pontier,El Tobiano,,Tango,2/6/1952,Instrumental,Emilio Balcarce,,Víctor,Micro,Armando Pontier,48-53 Lineup Change,Juan José Paz,Fernando Cabarcos,"Armando Pontier, Nicolás Paracino, Antonio Roscini, Angel Di Giovanni","Enrique Francini, Aquiles Aguilar, Emilio González, Alberto Del Bagno, Adriano Fanelli (Cello), "
Enrique Francini,Orquesta Francini-Pontier,Un Alma Buena,,Tango,2/6/1952,Julio Sosa,Aquiles Aguilar,José Contursi,Víctor,Micro,Armando Pontier,48-53 Lineup Change,Juan José Paz,Fernando Cabarcos,"Armando Pontier, Nicolás Paracino, Antonio Roscini, Angel Di Giovanni","Enrique Francini, Aquiles Aguilar, Emilio González, Alberto Del Bagno, Adriano Fanelli (Cello), "
Enrique Francini,Orquesta Francini-Pontier,Tango Bleu,Blue Tango,Tango,2/20/1952,Instrumental,Leroy Anderson,"M. Parish, Jacques Plante",Víctor,Micro,Armando Pontier,48-53 Lineup Change,Juan José Paz,Fernando Cabarcos,"Armando Pontier, Nicolás Paracino, Antonio Roscini, Angel Di Giovanni","Enrique Francini, Aquiles Aguilar, Emilio González, Alberto Del Bagno, Adriano Fanelli (Cello), "
Enrique Francini,Orquesta Francini-Pontier,Pecado,,Tango,2/20/1952,Instrumental,"Enrique Francini, Armando Pontier",Carlos Bahr,Víctor,Micro,Armando Pontier,48-53 Lineup Change,Juan José Paz,Fernando Cabarcos,"Armando Pontier, Nicolás Paracino, Antonio Roscini, Angel Di Giovanni","Enrique Francini, Aquiles Aguilar, Emilio González, Alberto Del Bagno, Adriano Fanelli (Cello), "
Enrique Francini,Orquesta Francini-Pontier,Contratiempo,Countepoint,Tango,4/21/1952,Instrumental,Astor Piazzolla,,Víctor,Micro,Armando Pontier,48-53 Lineup Change,Juan José Paz,Fernando Cabarcos,"Armando Pontier, Nicolás Paracino, Antonio Roscini, Angel Di Giovanni","Enrique Francini, Aquiles Aguilar, Emilio González, Alberto Del Bagno, Adriano Fanelli (Cello), "
Enrique Francini,Orquesta Francini-Pontier,Anoche,,Tango,6/17/1952,Pablo Moreno,Armando Pontier,Cátulo Castillo,Víctor,Micro,Armando Pontier,48-53 Lineup Change,Juan José Paz,Fernando Cabarcos,"Armando Pontier, Nicolás Paracino, Antonio Roscini, Angel Di Giovanni","Enrique Francini, Aquiles Aguilar, Emilio González, Alberto Del Bagno, Adriano Fanelli (Cello), "
Enrique Francini,Orquesta Francini-Pontier,Oyeme Mamá,,Tango,6/17/1952,Pablo Moreno,Armando Baliotti,Julio Nelson,Víctor,Micro,Armando Pontier,48-53 Lineup Change,Juan José Paz,Fernando Cabarcos,"Armando Pontier, Nicolás Paracino, Antonio Roscini, Angel Di Giovanni","Enrique Francini, Aquiles Aguilar, Emilio González, Alberto Del Bagno, Adriano Fanelli (Cello), "
Enrique Francini,Orquesta Francini-Pontier,Selección de Valses,Una Lágrima - a Mi Madre - Desde el Alma - Palomita Blanca - Amor y Cielo - un Placer,Vals,6/17/1952,Instrumental,Various,Various,Víctor,Micro,Armando Pontier,48-53 Lineup Change,Juan José Paz,Fernando Cabarcos,"Armando Pontier, Nicolás Paracino, Antonio Roscini, Angel Di Giovanni","Enrique Francini, Aquiles Aguilar, Emilio González, Alberto Del Bagno, Adriano Fanelli (Cello), "
Enrique Francini,Orquesta Francini-Pontier,Por Seguidora y por Fiel,,Tango,6/19/1952,Julio Sosa,Ricardo Brignolo,Celedonio Flores,Víctor,Micro,Armando Pontier,48-53 Lineup Change,Juan José Paz,Fernando Cabarcos,"Armando Pontier, Nicolás Paracino, Antonio Roscini, Angel Di Giovanni","Enrique Francini, Aquiles Aguilar, Emilio González, Alberto Del Bagno, Adriano Fanelli (Cello), "
Enrique Francini,Orquesta Francini-Pontier,Certificao,Certificado,Milonga,8/21/1952,Julio Sosa,Armando Pontier,Marsilio Robles,Víctor,Micro,Armando Pontier,48-53 Lineup Change,Juan José Paz,Fernando Cabarcos,"Armando Pontier, Nicolás Paracino, Antonio Roscini, Angel Di Giovanni","Enrique Francini, Aquiles Aguilar, Emilio González, Alberto Del Bagno, Adriano Fanelli (Cello), "
Enrique Francini,Orquesta Francini-Pontier,Por una Mala Mujer,,Tango,8/21/1952,Julio Sosa,Enrique Francini,Carlos Bahr,Víctor,Micro,Armando Pontier,48-53 Lineup Change,Juan José Paz,Fernando Cabarcos,"Armando Pontier, Nicolás Paracino, Antonio Roscini, Angel Di Giovanni","Enrique Francini, Aquiles Aguilar, Emilio González, Alberto Del Bagno, Adriano Fanelli (Cello), "
Enrique Francini,Orquesta Francini-Pontier,El Entrerriano,El Entrerriano,Tango,9/17/1952,Instrumental,Anselmo Mendizábal,Ernesto Amor,Víctor,Micro,Armando Pontier,48-53 Lineup Change,Juan José Paz,Fernando Cabarcos,"Armando Pontier, Nicolás Paracino, Antonio Roscini, Angel Di Giovanni","Enrique Francini, Aquiles Aguilar, Emilio González, Alberto Del Bagno, Adriano Fanelli (Cello), "
Enrique Francini,Orquesta Francini-Pontier,Oyeme Mamá,,Tango,9/17/1952,Pablo Moreno,Armando Baliotti,Julio Nelson,Víctor,Micro,Armando Pontier,48-53 Lineup Change,Juan José Paz,Fernando Cabarcos,"Armando Pontier, Nicolás Paracino, Antonio Roscini, Angel Di Giovanni","Enrique Francini, Aquiles Aguilar, Emilio González, Alberto Del Bagno, Adriano Fanelli (Cello), "
Enrique Francini,Orquesta Francini-Pontier,A la Guardia Vieja,,Tango,10/24/1952,Instrumental,Armando Pontier,,Víctor,Micro,Armando Pontier,48-53 Lineup Change,Juan José Paz,Fernando Cabarcos,"Armando Pontier, Nicolás Paracino, Antonio Roscini, Angel Di Giovanni","Enrique Francini, Aquiles Aguilar, Emilio González, Alberto Del Bagno, Adriano Fanelli (Cello), "
Enrique Francini,Orquesta Francini-Pontier,Tenemos que Abrirnos,,Tango,10/24/1952,Julio Sosa,Alberto Acuña,Agustín Irusta,Víctor,Micro,Armando Pontier,48-53 Lineup Change,Juan José Paz,Fernando Cabarcos,"Armando Pontier, Nicolás Paracino, Antonio Roscini, Angel Di Giovanni","Enrique Francini, Aquiles Aguilar, Emilio González, Alberto Del Bagno, Adriano Fanelli (Cello), "
Enrique Francini,Orquesta Francini-Pontier,La Canción Inolvidable,Canción Inolvidable,Tango,12/10/1952,Pablo Moreno,Enrique Francini,Carlos Bahr,Víctor,Micro,Armando Pontier,48-53 Lineup Change,Juan José Paz,Fernando Cabarcos,"Armando Pontier, Nicolás Paracino, Antonio Roscini, Angel Di Giovanni","Enrique Francini, Aquiles Aguilar, Emilio González, Alberto Del Bagno, Adriano Fanelli (Cello), "
Enrique Francini,Orquesta Francini-Pontier,Manos Adoradas,,Vals,12/10/1952,Pablo Moreno,Roberto Rufino,Horacio Sanguinetti,Víctor,Micro,Armando Pontier,48-53 Lineup Change,Juan José Paz,Fernando Cabarcos,"Armando Pontier, Nicolás Paracino, Antonio Roscini, Angel Di Giovanni","Enrique Francini, Aquiles Aguilar, Emilio González, Alberto Del Bagno, Adriano Fanelli (Cello), "
Enrique Francini,Orquesta Francini-Pontier,El Retoque,,Tango,12/12/1952,Instrumental,"Nicolás Paracino, Juan Salomone",,Víctor,Micro,Armando Pontier,48-53 Lineup Change,Juan José Paz,Fernando Cabarcos,"Armando Pontier, Nicolás Paracino, Antonio Roscini, Angel Di Giovanni","Enrique Francini, Aquiles Aguilar, Emilio González, Alberto Del Bagno, Adriano Fanelli (Cello), "
Enrique Francini,Orquesta Francini-Pontier,Viejo Smoking,,Tango,12/12/1952,Julio Sosa,Guillermo Barbieri,Celedonio Flores,Víctor,Micro,Armando Pontier,48-53 Lineup Change,Juan José Paz,Fernando Cabarcos,"Armando Pontier, Nicolás Paracino, Antonio Roscini, Angel Di Giovanni","Enrique Francini, Aquiles Aguilar, Emilio González, Alberto Del Bagno, Adriano Fanelli (Cello), "
Enrique Francini,Orquesta Francini-Pontier,Olvidao,,Tango,2/3/1953,Julio Sosa,Guillermo Barbieri,Enrique Cadícamo,Víctor,Micro,Armando Pontier,48-53 Lineup Change,Juan José Paz,Fernando Cabarcos,"Armando Pontier, Nicolás Paracino, Antonio Roscini, Angel Di Giovanni","Enrique Francini, Aquiles Aguilar, Emilio González, Alberto Del Bagno, Adriano Fanelli (Cello), "
Enrique Francini,Orquesta Francini-Pontier,Una Lágrima,,Vals,2/27/1953,Instrumental,José Rebolini,Juan Durante,Víctor,Micro,Armando Pontier,48-53 Lineup Change,Juan José Paz,Fernando Cabarcos,"Armando Pontier, Nicolás Paracino, Antonio Roscini, Angel Di Giovanni","Enrique Francini, Aquiles Aguilar, Emilio González, Alberto Del Bagno, Adriano Fanelli (Cello), "
Enrique Francini,Orquesta Francini-Pontier,Lluvia Sobre el Mar,,Tango,5/6/1953,Pablo Moreno,Armando Pontier,José Contursi,Víctor,Micro,Armando Pontier,48-53 Lineup Change,Juan José Paz,Fernando Cabarcos,"Armando Pontier, Nicolás Paracino, Antonio Roscini, Angel Di Giovanni","Enrique Francini, Aquiles Aguilar, Emilio González, Alberto Del Bagno, Adriano Fanelli (Cello), "
Enrique Francini,Orquesta Francini-Pontier,Si Sos Brujo,,Tango,5/6/1953,Instrumental,Emilio Balcarce,,Víctor,Micro,Armando Pontier,48-53 Lineup Change,Juan José Paz,Fernando Cabarcos,"Armando Pontier, Nicolás Paracino, Antonio Roscini, Angel Di Giovanni","Enrique Francini, Aquiles Aguilar, Emilio González, Alberto Del Bagno, Adriano Fanelli (Cello), "
Enrique Francini,Orquesta Francini-Pontier,Chiqué!...,El Elegante,Tango,9/22/1953,Instrumental,Ricardo Brignolo,Ricardo Brignolo,Víctor,Micro,Armando Pontier,48-53 Lineup Change,Juan José Paz,Fernando Cabarcos,"Armando Pontier, Nicolás Paracino, Antonio Roscini, Angel Di Giovanni","Enrique Francini, Aquiles Aguilar, Emilio González, Alberto Del Bagno, Adriano Fanelli (Cello), "
Enrique Francini,Orquesta Francini-Pontier,Prohibido,,Tango,9/22/1953,Pablo Moreno,Manuel Sucher,Carlos Bahr,Víctor,Micro,Armando Pontier,48-53 Lineup Change,Juan José Paz,Fernando Cabarcos,"Armando Pontier, Nicolás Paracino, Antonio Roscini, Angel Di Giovanni","Enrique Francini, Aquiles Aguilar, Emilio González, Alberto Del Bagno, Adriano Fanelli (Cello), "
Enrique Francini,Orquesta Francini-Pontier,Triste Flor de Tango,,Tango,9/22/1953,Pablo Moreno,Enrique Francini,Carlos Bahr,Víctor,Micro,Armando Pontier,48-53 Lineup Change,Juan José Paz,Fernando Cabarcos,"Armando Pontier, Nicolás Paracino, Antonio Roscini, Angel Di Giovanni","Enrique Francini, Aquiles Aguilar, Emilio González, Alberto Del Bagno, Adriano Fanelli (Cello), "
Enrique Francini,Orquesta Francini-Pontier,Una Canción,,Tango,9/22/1953,Mario Lagos,Aníbal Troilo,Cátulo Castillo,Víctor,Micro,Armando Pontier,48-53 Lineup Change,Juan José Paz,Fernando Cabarcos,"Armando Pontier, Nicolás Paracino, Antonio Roscini, Angel Di Giovanni","Enrique Francini, Aquiles Aguilar, Emilio González, Alberto Del Bagno, Adriano Fanelli (Cello), "
Enrique Francini,Orquesta Francini-Pontier,Derecho Viejo,,Tango,10/23/1953,Instrumental,Eduardo Arolas,Gabriel Clausi,Víctor,Micro,Armando Pontier,48-53 Lineup Change,Juan José Paz,Fernando Cabarcos,"Armando Pontier, Nicolás Paracino, Antonio Roscini, Angel Di Giovanni","Enrique Francini, Aquiles Aguilar, Emilio González, Alberto Del Bagno, Adriano Fanelli (Cello), "
Enrique Francini,Orquesta Francini-Pontier,Las Cosas que Me Han Quedado,,Milonga,10/23/1953,Pablo Moreno,Armando Pontier,José Contursi,Víctor,Micro,Armando Pontier,48-53 Lineup Change,Juan José Paz,Fernando Cabarcos,"Armando Pontier, Nicolás Paracino, Antonio Roscini, Angel Di Giovanni","Enrique Francini, Aquiles Aguilar, Emilio González, Alberto Del Bagno, Adriano Fanelli (Cello), "
Enrique Francini,Orquesta Francini-Pontier,Pa' que se Acuerden de Mí,,Tango,12/7/1953,Instrumental,Armando Pontier,,Víctor,Micro,Armando Pontier,48-53 Lineup Change,Juan José Paz,Fernando Cabarcos,"Armando Pontier, Nicolás Paracino, Antonio Roscini, Angel Di Giovanni","Enrique Francini, Aquiles Aguilar, Emilio González, Alberto Del Bagno, Adriano Fanelli (Cello), "
Enrique Francini,Orquesta Francini-Pontier,Taquito Militar,,Milonga,12/7/1953,Instrumental,Mariano Mores,,Víctor,Micro,Armando Pontier,48-53 Lineup Change,Juan José Paz,Fernando Cabarcos,"Armando Pontier, Nicolás Paracino, Antonio Roscini, Angel Di Giovanni","Enrique Francini, Aquiles Aguilar, Emilio González, Alberto Del Bagno, Adriano Fanelli (Cello), "
Enrique Francini,Orquesta Francini-Pontier,Caricias Perdidas,,Vals,1/15/1954,Mario Lagos,Héctor Stamponi,Carlos Bahr,Víctor,Tape,Armando Pontier,54-55 Tape,Angel Scichetti,Fernando Cabarcos,"Armando Pontier, Nicolás Paracino, Antonio Roscini, Angel Di Giovanni","Enrique Francini, Aquiles Aguilar, Emilio González, Alberto Del Bagno, Adriano Fanelli (Cello), "
Enrique Francini,Orquesta Francini-Pontier,Tengo un Amigo,,Tango,1/15/1954,Pablo Moreno,Arturo Gallucci,Julio Camilloni,Víctor,Tape,Armando Pontier,54-55 Tape,Angel Scichetti,Fernando Cabarcos,"Armando Pontier, Nicolás Paracino, Antonio Roscini, Angel Di Giovanni","Enrique Francini, Aquiles Aguilar, Emilio González, Alberto Del Bagno, Adriano Fanelli (Cello), "
Enrique Francini,Orquesta Francini-Pontier,Azabache,,Milonga,4/8/1954,Pablo Moreno,"Enrique Francini, Héctor Stamponi",Homero Expósito,Víctor,Tape,Armando Pontier,54-55 Tape,Angel Scichetti,Fernando Cabarcos,"Armando Pontier, Nicolás Paracino, Antonio Roscini, Angel Di Giovanni","Enrique Francini, Aquiles Aguilar, Emilio González, Alberto Del Bagno, Adriano Fanelli (Cello), "
Enrique Francini,Orquesta Francini-Pontier,Cuando Talla un Bandoneón,,Tango,4/8/1954,Pablo Moreno,Armando Pontier,Carlos Bahr,Víctor,Tape,Armando Pontier,54-55 Tape,Angel Scichetti,Fernando Cabarcos,"Armando Pontier, Nicolás Paracino, Antonio Roscini, Angel Di Giovanni","Enrique Francini, Aquiles Aguilar, Emilio González, Alberto Del Bagno, Adriano Fanelli (Cello), "
Enrique Francini,Orquesta Francini-Pontier,Sin Lágrimas,,Tango,4/8/1954,Pablo Moreno,Charlo,José Contursi,Víctor,Tape,Armando Pontier,54-55 Tape,Angel Scichetti,Fernando Cabarcos,"Armando Pontier, Nicolás Paracino, Antonio Roscini, Angel Di Giovanni","Enrique Francini, Aquiles Aguilar, Emilio González, Alberto Del Bagno, Adriano Fanelli (Cello), "
Enrique Francini,Orquesta Francini-Pontier,Cuando Talla un Bandoneón,,Tango,7/6/1954,Pablo Moreno,Armando Pontier,Carlos Bahr,Víctor,Tape,Armando Pontier,54-55 Tape,Angel Scichetti,Fernando Cabarcos,"Armando Pontier, Nicolás Paracino, Antonio Roscini, Angel Di Giovanni","Enrique Francini, Aquiles Aguilar, Emilio González, Alberto Del Bagno, Adriano Fanelli (Cello), "
Enrique Francini,Orquesta Francini-Pontier,Lo que Vendrá,,Tango,7/6/1954,Instrumental,Astor Piazzolla,,Víctor,Tape,Armando Pontier,54-55 Tape,Angel Scichetti,Fernando Cabarcos,"Armando Pontier, Nicolás Paracino, Antonio Roscini, Angel Di Giovanni","Enrique Francini, Aquiles Aguilar, Emilio González, Alberto Del Bagno, Adriano Fanelli (Cello), "
Enrique Francini,Orquesta Francini-Pontier,De Mi Corazón,,Tango,10/21/1954,Instrumental,Antonio Nussotti,,Víctor,Tape,Armando Pontier,54-55 Tape,Angel Scichetti,Fernando Cabarcos,"Armando Pontier, Nicolás Paracino, Antonio Roscini, Angel Di Giovanni","Enrique Francini, Aquiles Aguilar, Emilio González, Alberto Del Bagno, Adriano Fanelli (Cello), "
Enrique Francini,Orquesta Francini-Pontier,Los Cosos de al Lao,,Tango,10/21/1954,Roberto Florio,"José Canet, Marcos Larrosa","José Canet, Marcos Larrosa",Víctor,Tape,Armando Pontier,54-55 Tape,Angel Scichetti,Fernando Cabarcos,"Armando Pontier, Nicolás Paracino, Antonio Roscini, Angel Di Giovanni","Enrique Francini, Aquiles Aguilar, Emilio González, Alberto Del Bagno, Adriano Fanelli (Cello), "
Enrique Francini,Orquesta Francini-Pontier,Noche de Locura,Noches de Locura,Tango,11/4/1954,Luis Correa,Manuel Sucher,Carlos Bahr,Víctor,Tape,Armando Pontier,54-55 Tape,Angel Scichetti,Fernando Cabarcos,"Armando Pontier, Nicolás Paracino, Antonio Roscini, Angel Di Giovanni","Enrique Francini, Aquiles Aguilar, Emilio González, Alberto Del Bagno, Adriano Fanelli (Cello), "
Enrique Francini,Orquesta Francini-Pontier,Perdóname,,Tango,11/4/1954,Luis Correa,Héctor Stamponi,Cátulo Castillo,Víctor,Tape,Armando Pontier,54-55 Tape,Angel Scichetti,Fernando Cabarcos,"Armando Pontier, Nicolás Paracino, Antonio Roscini, Angel Di Giovanni","Enrique Francini, Aquiles Aguilar, Emilio González, Alberto Del Bagno, Adriano Fanelli (Cello), "
Enrique Francini,Orquesta Francini-Pontier,Cuartito Azul,,Tango,3/2/1955,Roberto Florio,Mariano Mores,Mario Battistella,Víctor,Tape,Armando Pontier,54-55 Tape,Angel Scichetti,Fernando Cabarcos,"Armando Pontier, Nicolás Paracino, Antonio Roscini, Angel Di Giovanni","Enrique Francini, Aquiles Aguilar, Emilio González, Alberto Del Bagno, Adriano Fanelli (Cello), "
Enrique Francini,Orquesta Francini-Pontier,Por una Muñeca,,Tango,3/2/1955,Roberto Florio,Emilio Balcarce,Manolo Barros,Víctor,Tape,Armando Pontier,54-55 Tape,Angel Scichetti,Fernando Cabarcos,"Armando Pontier, Nicolás Paracino, Antonio Roscini, Angel Di Giovanni","Enrique Francini, Aquiles Aguilar, Emilio González, Alberto Del Bagno, Adriano Fanelli (Cello), "
Enrique Francini,Orquesta Francini-Pontier,Ronda Azul,,Tango,3/2/1955,Luis Correa,Marsilio Robles,Marsilio Robles,Víctor,Tape,Armando Pontier,54-55 Tape,Angel Scichetti,Fernando Cabarcos,"Armando Pontier, Nicolás Paracino, Antonio Roscini, Angel Di Giovanni","Enrique Francini, Aquiles Aguilar, Emilio González, Alberto Del Bagno, Adriano Fanelli (Cello), "
Enrique Francini,Orquesta Francini-Pontier,Barra Querida,,Tango,6/13/1955,Luis Correa,Carlos Sánchez,César Vedani,Víctor,Tape,Armando Pontier,54-55 Tape,Angel Scichetti,Fernando Cabarcos,"Armando Pontier, Nicolás Paracino, Antonio Roscini, Angel Di Giovanni","Enrique Francini, Aquiles Aguilar, Emilio González, Alberto Del Bagno, Adriano Fanelli (Cello), "
Enrique Francini,Orquesta Francini-Pontier,Corazón de Oro,Corazon de Oro,Vals,6/13/1955,Instrumental,Francisco Canaro,Jesús Blanco,Víctor,Tape,Armando Pontier,54-55 Tape,Angel Scichetti,Fernando Cabarcos,"Armando Pontier, Nicolás Paracino, Antonio Roscini, Angel Di Giovanni","Enrique Francini, Aquiles Aguilar, Emilio González, Alberto Del Bagno, Adriano Fanelli (Cello), "
Enrique Francini,Orquesta Francini-Pontier,Cuartito Azul,,Tango,6/13/1955,Roberto Florio,Mariano Mores,Mario Battistella,Víctor,Tape,Armando Pontier,54-55 Tape,Angel Scichetti,Fernando Cabarcos,"Armando Pontier, Nicolás Paracino, Antonio Roscini, Angel Di Giovanni","Enrique Francini, Aquiles Aguilar, Emilio González, Alberto Del Bagno, Adriano Fanelli (Cello), "
Enrique Francini,Orquesta Francini-Pontier,El Remate,,Tango,6/13/1955,Instrumental,Alberto Pugliese,,Víctor,Tape,Armando Pontier,54-55 Tape,Angel Scichetti,Fernando Cabarcos,"Armando Pontier, Nicolás Paracino, Antonio Roscini, Angel Di Giovanni","Enrique Francini, Aquiles Aguilar, Emilio González, Alberto Del Bagno, Adriano Fanelli (Cello), "
Enrique Francini,Orquesta Francini-Pontier,Por Unos Ojos Negros,,Tango,7/21/1955,Roberto Florio,José Dames,Horacio Sanguinetti,Víctor,Tape,Armando Pontier,54-55 Tape,Angel Scichetti,Fernando Cabarcos,"Armando Pontier, Nicolás Paracino, Antonio Roscini, Angel Di Giovanni","Enrique Francini, Aquiles Aguilar, Emilio González, Alberto Del Bagno, Adriano Fanelli (Cello), "
Enrique Francini,Orquesta Francini-Pontier,Tanguera,,Tango,7/21/1955,Instrumental,Mariano Mores,,Víctor,Tape,Armando Pontier,54-55 Tape,Angel Scichetti,Fernando Cabarcos,"Armando Pontier, Nicolás Paracino, Antonio Roscini, Angel Di Giovanni","Enrique Francini, Aquiles Aguilar, Emilio González, Alberto Del Bagno, Adriano Fanelli (Cello), "
Enrique Francini,Orquesta Enrique Mario Francini,La Trilla,,Tango,11/3/1955,Instrumental,Eduardo Arolas,Héctor Polito,Víctor,Tape,Juan José Paz,55-59 Without Pontier,Juan José Paz,Rafael Del Bagno,"Julio Ahumada, Alfredo Marcucci, Marcelo Zópolo, Víctor Lavallén, Dino Saluzzi","Enrique Francini, José Amatriain, Emilio González, Enrique Rodríguez, Mauricio Marcelli, José Bragato (Cello)"
Enrique Francini,Orquesta Enrique Mario Francini,Petit Salón,,Tango,11/3/1955,Alberto Podestá,"Vicente Demarco, Silvio Marinucci",Silvio Marinucc,Víctor,Tape,Juan José Paz,55-59 Without Pontier,Juan José Paz,Rafael Del Bagno,"Julio Ahumada, Alfredo Marcucci, Marcelo Zópolo, Víctor Lavallén, Dino Saluzzi","Enrique Francini, José Amatriain, Emilio González, Enrique Rodríguez, Mauricio Marcelli, José Bragato (Cello)"
Enrique Francini,Orquesta Enrique Mario Francini,Bailemos,,Tango,12/13/1955,Alberto Podestá,Cholo Mamone,Reinaldo Yiso,Víctor,Tape,Juan José Paz,55-59 Without Pontier,Juan José Paz,Rafael Del Bagno,"Julio Ahumada, Alfredo Marcucci, Marcelo Zópolo, Víctor Lavallén, Dino Saluzzi","Enrique Francini, José Amatriain, Emilio González, Enrique Rodríguez, Mauricio Marcelli, José Bragato (Cello)"
Enrique Francini,Orquesta Enrique Mario Francini,Sensiblero,,Tango,12/13/1955,Instrumental,Julián Plaza,,Víctor,Tape,Juan José Paz,55-59 Without Pontier,Juan José Paz,Rafael Del Bagno,"Julio Ahumada, Alfredo Marcucci, Marcelo Zópolo, Víctor Lavallén, Dino Saluzzi","Enrique Francini, José Amatriain, Emilio González, Enrique Rodríguez, Mauricio Marcelli, José Bragato (Cello)"
Enrique Francini,Orquesta Enrique Mario Francini,Alguien,,Tango,1/19/1956,Alberto Podestá,Héctor Stamponi,Eugenio Majul,Víctor,Tape,Juan José Paz,55-59 Without Pontier,Juan José Paz,Rafael Del Bagno,"Julio Ahumada, Alfredo Marcucci, Marcelo Zópolo, Víctor Lavallén, Dino Saluzzi","Enrique Francini, José Amatriain, Emilio González, Enrique Rodríguez, Mauricio Marcelli, José Bragato (Cello)"
Enrique Francini,Orquesta Enrique Mario Francini,El Resero,,Tango,1/19/1956,Instrumental,Raimundo Petillo,,Víctor,Tape,Juan José Paz,55-59 Without Pontier,Juan José Paz,Rafael Del Bagno,"Julio Ahumada, Alfredo Marcucci, Marcelo Zópolo, Víctor Lavallén, Dino Saluzzi","Enrique Francini, José Amatriain, Emilio González, Enrique Rodríguez, Mauricio Marcelli, José Bragato (Cello)"
Enrique Francini,Orquesta Enrique Mario Francini,Inspiración,Inspiracion,Tango,1/19/1956,Instrumental,Peregrino Paulos,Luis Rubistein,Víctor,Tape,Juan José Paz,55-59 Without Pontier,Juan José Paz,Rafael Del Bagno,"Julio Ahumada, Alfredo Marcucci, Marcelo Zópolo, Víctor Lavallén, Dino Saluzzi","Enrique Francini, José Amatriain, Emilio González, Enrique Rodríguez, Mauricio Marcelli, José Bragato (Cello)"
Enrique Francini,Orquesta Enrique Mario Francini,Las Rosas de Mi Madre,,Vals,1/19/1956,Alberto Podestá,"Enrique Francini, María Carnevale",María de Carnevale,Víctor,Tape,Juan José Paz,55-59 Without Pontier,Juan José Paz,Rafael Del Bagno,"Julio Ahumada, Alfredo Marcucci, Marcelo Zópolo, Víctor Lavallén, Dino Saluzzi","Enrique Francini, José Amatriain, Emilio González, Enrique Rodríguez, Mauricio Marcelli, José Bragato (Cello)"
Enrique Francini,Orquesta Enrique Mario Francini,El Gurí,,Tango,3/7/1956,Instrumental,Julio Ahumada,,Víctor,Tape,Juan José Paz,55-59 Without Pontier,Juan José Paz,Rafael Del Bagno,"Julio Ahumada, Alfredo Marcucci, Marcelo Zópolo, Víctor Lavallén, Dino Saluzzi","Enrique Francini, José Amatriain, Emilio González, Enrique Rodríguez, Mauricio Marcelli, José Bragato (Cello)"
Enrique Francini,Orquesta Enrique Mario Francini,Un Tango Para el Recuerdo,,Tango,3/7/1956,Alberto Podestá,Rafael del Bagno,Antonio Cantó,Víctor,Tape,Juan José Paz,55-59 Without Pontier,Juan José Paz,Rafael Del Bagno,"Julio Ahumada, Alfredo Marcucci, Marcelo Zópolo, Víctor Lavallén, Dino Saluzzi","Enrique Francini, José Amatriain, Emilio González, Enrique Rodríguez, Mauricio Marcelli, José Bragato (Cello)"
Enrique Francini,Orquesta Enrique Mario Francini,Elegante Papirusa,,Tango,7/27/1956,Instrumental,David Roccatagliata,Sandalio Gómez,Víctor,Tape,Juan José Paz,55-59 Without Pontier,Juan José Paz,Juan Antonio Vasallo,"Julio Ahumada, Alfredo Marcucci, Marcelo Zópolo, Víctor Lavallén, Dino Saluzzi","Enrique Francini, José Amatriain, Emilio González, Enrique Rodríguez, Mauricio Marcelli, José Bragato (Cello)"
Enrique Francini,Orquesta Enrique Mario Francini,Es Hora de Vivir,,Tango,7/27/1956,Alberto Podestá,Enrique Francini,Carlos Bahr,Víctor,Tape,Juan José Paz,55-59 Without Pontier,Juan José Paz,Juan Antonio Vasallo,"Julio Ahumada, Alfredo Marcucci, Marcelo Zópolo, Víctor Lavallén, Dino Saluzzi","Enrique Francini, José Amatriain, Emilio González, Enrique Rodríguez, Mauricio Marcelli, José Bragato (Cello)"
Enrique Francini,Orquesta Enrique Mario Francini,Fueron Tres Años,,Tango,7/27/1956,Alberto Podestá,Juan Marín,Juan Marín,Víctor,Tape,Juan José Paz,55-59 Without Pontier,Juan José Paz,Juan Antonio Vasallo,"Julio Ahumada, Alfredo Marcucci, Marcelo Zópolo, Víctor Lavallén, Dino Saluzzi","Enrique Francini, José Amatriain, Emilio González, Enrique Rodríguez, Mauricio Marcelli, José Bragato (Cello)"
Enrique Francini,Orquesta Enrique Mario Francini,Tamborilera,,Milonga,7/27/1956,Instrumental,Juan Paz,,Víctor,Tape,Juan José Paz,55-59 Without Pontier,Juan José Paz,Juan Antonio Vasallo,"Julio Ahumada, Alfredo Marcucci, Marcelo Zópolo, Víctor Lavallén, Dino Saluzzi","Enrique Francini, José Amatriain, Emilio González, Enrique Rodríguez, Mauricio Marcelli, José Bragato (Cello)"
Enrique Francini,Orquesta Enrique Mario Francini,Muriéndome de Amor,,Tango,11/14/1956,Julia Vidal,Manuel Sucher,Carlos Bahr,Víctor,Tape,Juan José Paz,55-59 Without Pontier,Juan José Paz,Juan Antonio Vasallo,"Julio Ahumada, Alfredo Marcucci, Marcelo Zópolo, Víctor Lavallén, Dino Saluzzi","Enrique Francini, José Amatriain, Emilio González, Enrique Rodríguez, Mauricio Marcelli, José Bragato (Cello)"
Enrique Francini,Orquesta Enrique Mario Francini,Tema Otoñal,,Tango,11/14/1956,Instrumental,Enrique Francini,,Víctor,Tape,Juan José Paz,55-59 Without Pontier,Juan José Paz,Juan Antonio Vasallo,"Julio Ahumada, Alfredo Marcucci, Marcelo Zópolo, Víctor Lavallén, Dino Saluzzi","Enrique Francini, José Amatriain, Emilio González, Enrique Rodríguez, Mauricio Marcelli, José Bragato (Cello)"
Enrique Francini,Orquesta Enrique Mario Francini,La Miel de Tu Boquita,,Vals,12/20/1956,Julia Vidal,"Ángel Cabral, Enrique Dizeo",Enrique Dizeo,Víctor,Tape,Juan José Paz,55-59 Without Pontier,Juan José Paz,Juan Antonio Vasallo,"Julio Ahumada, Alfredo Marcucci, Marcelo Zópolo, Víctor Lavallén, Dino Saluzzi","Enrique Francini, José Amatriain, Emilio González, Enrique Rodríguez, Mauricio Marcelli, José Bragato (Cello)"
Enrique Francini,Orquesta Enrique Mario Francini,Quedémonos Aquí,,Tango,12/20/1956,Carlos Ferrán,Héctor Stamponi,Homero Expósito,Víctor,Tape,Juan José Paz,55-59 Without Pontier,Juan José Paz,Juan Antonio Vasallo,"Julio Ahumada, Alfredo Marcucci, Marcelo Zópolo, Víctor Lavallén, Dino Saluzzi","Enrique Francini, José Amatriain, Emilio González, Enrique Rodríguez, Mauricio Marcelli, José Bragato (Cello)"
Enrique Francini,Orquesta Enrique Mario Francini,Destino de Flor,,Tango,4/3/1957,Roberto Rufino,Roberto Rufino,Alejandro Romay,Víctor,Tape,Juan José Paz,55-59 Without Pontier,Juan José Paz,Juan Antonio Vasallo,"Julio Ahumada, Alfredo Marcucci, Marcelo Zópolo, Víctor Lavallén, Dino Saluzzi","Enrique Francini, José Amatriain, Emilio González, Enrique Rodríguez, Mauricio Marcelli, José Bragato (Cello)"
Enrique Francini,Orquesta Enrique Mario Francini,Espérame en el Cielo,,Tango,4/3/1957,Roberto Rufino,Francisco Vidal,Francisco Vidal,Víctor,Tape,Juan José Paz,55-59 Without Pontier,Juan José Paz,Juan Antonio Vasallo,"Julio Ahumada, Alfredo Marcucci, Marcelo Zópolo, Víctor Lavallén, Dino Saluzzi","Enrique Francini, José Amatriain, Emilio González, Enrique Rodríguez, Mauricio Marcelli, José Bragato (Cello)"
Enrique Francini,Orquesta Enrique Mario Francini,Melodía Oriental,,Tango,4/3/1957,Roberto Rufino,"Juan Howard, Roberto Zerrillo",Enrique Cadícamo,Víctor,Tape,Juan José Paz,55-59 Without Pontier,Juan José Paz,Juan Antonio Vasallo,"Julio Ahumada, Alfredo Marcucci, Marcelo Zópolo, Víctor Lavallén, Dino Saluzzi","Enrique Francini, José Amatriain, Emilio González, Enrique Rodríguez, Mauricio Marcelli, José Bragato (Cello)"
Enrique Francini,Orquesta Enrique Mario Francini,Cabulero,Neotango,Tango,9/18/1957,Instrumental,"Leopoldo Federico, Manuel Flores",,Víctor,Tape,Juan José Paz,55-59 Without Pontier,Juan José Paz,Juan Antonio Vasallo,"Julio Ahumada, Alfredo Marcucci, Marcelo Zópolo, Víctor Lavallén, Dino Saluzzi","Enrique Francini, José Amatriain, Emilio González, Enrique Rodríguez, Mauricio Marcelli, José Bragato (Cello)"
Enrique Francini,Orquesta Enrique Mario Francini,Mientras Viva,,Tango,9/18/1957,Carlos Ferrán,Lucio Demare,Eugenio Majul,Víctor,Tape,Juan José Paz,55-59 Without Pontier,Juan José Paz,Juan Antonio Vasallo,"Julio Ahumada, Alfredo Marcucci, Marcelo Zópolo, Víctor Lavallén, Dino Saluzzi","Enrique Francini, José Amatriain, Emilio González, Enrique Rodríguez, Mauricio Marcelli, José Bragato (Cello)"
Enrique Francini,Orquesta Enrique Mario Francini,Bailonga,,Milonga,3/14/1958,Instrumental,Mariano Mores,,Víctor,Tape,Juan José Paz,55-59 Without Pontier,Juan José Paz,Omar Murtagh,"Julio Ahumada, Alfredo Marcucci, Marcelo Zópolo, Víctor Lavallén, Dino Saluzzi","Enrique Francini, José Amatriain, Emilio González, Enrique Rodríguez, Mauricio Marcelli, José Bragato (Cello)"
Enrique Francini,Orquesta Enrique Mario Francini,Qué Me Importa Tu Pasado,,Tango,3/14/1958,Oscar Gallardo,Retama,Roberto Giménez,Víctor,Tape,Juan José Paz,55-59 Without Pontier,Juan José Paz,Omar Murtagh,"Julio Ahumada, Alfredo Marcucci, Marcelo Zópolo, Víctor Lavallén, Dino Saluzzi","Enrique Francini, José Amatriain, Emilio González, Enrique Rodríguez, Mauricio Marcelli, José Bragato (Cello)"
Enrique Francini,Orquesta Enrique Mario Francini,Bebiendo Contigo,,Tango,6/12/1959,Oscar Gallardo,Enrique Francini,Carlos Bahr,Víctor,Tape,Juan José Paz,55-59 Without Pontier,Juan José Paz,Omar Murtagh,"Julio Ahumada, Alfredo Marcucci, Marcelo Zópolo, Víctor Lavallén, Dino Saluzzi","Enrique Francini, José Amatriain, Emilio González, Enrique Rodríguez, Mauricio Marcelli, José Bragato (Cello)"
Enrique Francini,Orquesta Enrique Mario Francini,Danzarín,Danzarin,Tango,6/12/1959,Instrumental,Julián Plaza,,Víctor,Tape,Juan José Paz,55-59 Without Pontier,Juan José Paz,Omar Murtagh,"Julio Ahumada, Alfredo Marcucci, Marcelo Zópolo, Víctor Lavallén, Dino Saluzzi","Enrique Francini, José Amatriain, Emilio González, Enrique Rodríguez, Mauricio Marcelli, José Bragato (Cello)"
Enrique Francini,Orquesta Francini-Pontier,9 de Julio,Nueve de Julio,Tango,1973,Instrumental,José Padula,Lito Bayardo,Víctor,Tape,,73 Final Records,Omar Valente,Omar Murtagh,"Armando Pontier, Néstor Marconi",Enrique Francini
Enrique Francini,Orquesta Francini-Pontier,A Media Luz,,Tango,1973,Instrumental,Edgardo Donato,Carlos Lenzi,Víctor,Tape,,73 Final Records,Omar Valente,Omar Murtagh,"Armando Pontier, Néstor Marconi",Enrique Francini
Enrique Francini,Orquesta Francini-Pontier,A la Gran Muñeca,,Tango,1973,Instrumental,Jesús Ventura,Miguel Osés,Víctor,Tape,,73 Final Records,Omar Valente,Omar Murtagh,"Armando Pontier, Néstor Marconi",Enrique Francini
Enrique Francini,Orquesta Francini-Pontier,A los Amigos,,Tango,1973,Instrumental,Armando Pontier,,Víctor,Tape,,73 Final Records,Omar Valente,Omar Murtagh,"Armando Pontier, Néstor Marconi",Enrique Francini
Enrique Francini,Orquesta Francini-Pontier,Adiós Nonino,,Tango,1973,Instrumental,Astor Piazzolla,Eladia Blázquez,Víctor,Tape,,73 Final Records,Omar Valente,Omar Murtagh,"Armando Pontier, Néstor Marconi",Enrique Francini
Enrique Francini,Orquesta Francini-Pontier,Caminito,,Tango,1973,Instrumental,Juan Filiberto,Gabino Peñaloza,Víctor,Tape,,73 Final Records,Omar Valente,Omar Murtagh,"Armando Pontier, Néstor Marconi",Enrique Francini
Enrique Francini,Orquesta Francini-Pontier,Canaro en París,Canaro en Paris,Tango,1973,Instrumental,"Alejandro Scarpino, Juan Caldarella",José Scarpino,Víctor,Tape,,73 Final Records,Omar Valente,Omar Murtagh,"Armando Pontier, Néstor Marconi",Enrique Francini
Enrique Francini,Orquesta Francini-Pontier,Chiqué!...,El Elegante,Tango,1973,Instrumental,Ricardo Brignolo,Ricardo Brignolo,Víctor,Tape,,73 Final Records,Omar Valente,Omar Murtagh,"Armando Pontier, Néstor Marconi",Enrique Francini
Enrique Francini,Orquesta Francini-Pontier,El Amanecer,,Tango,1973,Instrumental,Roberto Firpo,,Víctor,Tape,,73 Final Records,Omar Valente,Omar Murtagh,"Armando Pontier, Néstor Marconi",Enrique Francini
Enrique Francini,Orquesta Francini-Pontier,El Choclo,Kiss of Fire,Tango,1973,Instrumental,Ángel Villoldo,"Juan Catán, Enrique Discépolo",Víctor,Tape,,73 Final Records,Omar Valente,Omar Murtagh,"Armando Pontier, Néstor Marconi",Enrique Francini
Enrique Francini,Orquesta Francini-Pontier,Felicia,,Tango,1973,Instrumental,Enrique Saborido,Carlos Pacheco,Víctor,Tape,,73 Final Records,Omar Valente,Omar Murtagh,"Armando Pontier, Néstor Marconi",Enrique Francini
Enrique Francini,Orquesta Francini-Pontier,Inspiración,Inspiracion,Tango,1973,Instrumental,Peregrino Paulos,Luis Rubistein,Víctor,Tape,,73 Final Records,Omar Valente,Omar Murtagh,"Armando Pontier, Néstor Marconi",Enrique Francini
Enrique Francini,Orquesta Francini-Pontier,La Cumparsita,Si Supieras,Tango,1973,Instrumental,Gerardo Rodríguez,"Pascual Contursi, Enrique Maroni, Gerardo Rodríguez",Víctor,Tape,,73 Final Records,Omar Valente,Omar Murtagh,"Armando Pontier, Néstor Marconi",Enrique Francini
Enrique Francini,Orquesta Francini-Pontier,Quejas de Bandoneón,Quejas de Bandoneon,Tango,1973,Instrumental,Juan Filiberto,,Víctor,Tape,,73 Final Records,Omar Valente,Omar Murtagh,"Armando Pontier, Néstor Marconi",Enrique Francini
Enrique Francini,Orquesta Francini-Pontier,Tanguera,,Tango,1973,Instrumental,Mariano Mores,,Víctor,Tape,,73 Final Records,Omar Valente,Omar Murtagh,"Armando Pontier, Néstor Marconi",Enrique Francini
Enrique Francini,Orquesta Francini-Pontier,Taquito Militar,,Milonga,1973,Instrumental,Mariano Mores,,Víctor,Tape,,73 Final Records,Omar Valente,Omar Murtagh,"Armando Pontier, Néstor Marconi",Enrique Francini
Enrique Francini,Orquesta Francini-Pontier,Tema Otoñal,,Tango,1973,Instrumental,Enrique Francini,,Víctor,Tape,,73 Final Records,Omar Valente,Omar Murtagh,"Armando Pontier, Néstor Marconi",Enrique Francini
