Bandleader,Orchestra,Title,Alternative_Title,Genre,Date,Singer,Composer,Author,Label,Medium,Arranger,Piano,Bassist,Bandoneons,Strings
Florindo Sassone,Orquesta Florindo Sassone,Canción de Cuna,,Tango,5/19/1947,Jorge Casal,José Rizzuti,José Gómez,,,,Armando Cupo,,,
Florindo Sassone,Orquesta Florindo Sassone,Volver,,Tango,5/19/1947,Jorge Casal,Carlos Gardel,Alfredo Le Pera,,,,Armando Cupo,,,
Florindo Sassone,Orquesta Florindo Sassone,Por Dónde Andarás?,,Tango,8/27/1947,Jorge Casal,Salvador Merico,Atilio Supparo,,,,Armando Cupo,,,
Florindo Sassone,Orquesta Florindo Sassone,Puentecito de Mi Río,,Vals,8/27/1947,Jorge Casal,"Antonio Tormo, Manuel Canales",Buenaventura Luna,,,,Armando Cupo,,,
Florindo Sassone,Orquesta Florindo Sassone,Cien Guitarras,,Milonga,11/13/1947,Jorge Casal,Arturo Gallucci,Raúl Hormaza,,,,Armando Cupo,,,
Florindo Sassone,Orquesta Florindo Sassone,Siempre Te Nombra,,Tango,11/13/1947,Jorge Casal,"Florindo Sassone, Javier Mazzea",José Rótulo,,,,Armando Cupo,,,
Florindo Sassone,Orquesta Florindo Sassone,A la Luz del Candil,A la Luz de un Candíl,Tango,3/23/1948,Jorge Casal,Carlos Flores,Julio Navarrine,,,,Armando Cupo,,,
Florindo Sassone,Orquesta Florindo Sassone,Don Esteban,,Tango,3/23/1948,Instrumental,Augusto Berto,Carlos Sarmiento,,,,Armando Cupo,,,
Florindo Sassone,Orquesta Florindo Sassone,Quimera,,Tango,5/11/1948,Ángel Díaz,"Juan Martínez, Luis Viapiana",Roberto Barboza,,,,Armando Cupo,,,
Florindo Sassone,Orquesta Florindo Sassone,Rencor,,Tango,1/25/1949,Jorge Casal,Charlo,Luis Amadori,,,,Armando Cupo,,,
Florindo Sassone,Orquesta Florindo Sassone,Y Volvemos a Querernos,,Tango,1/25/1949,Jorge Casal,Luciano Leocata,Abel Aznar,,,,Armando Cupo,,,
Florindo Sassone,Orquesta Florindo Sassone,Hoy la Espero a la Salida,,Tango,2/15/1949,Roberto Chanel,Roberto Chanel,Raúl Hormaza,,,,Armando Cupo,,,
Florindo Sassone,Orquesta Florindo Sassone,Mi Noche Triste,,Tango,2/15/1949,Jorge Casal,Samuel Castriota,Pascual Contursi,,,,Armando Cupo,,,
Florindo Sassone,Orquesta Florindo Sassone,La Última Cita,,Tango,3/21/1949,Jorge Casal,Agustín Bardi,Francisco Jiménez,,,,Armando Cupo,,,
Florindo Sassone,Orquesta Florindo Sassone,Mano Cruel,,Tango,3/21/1949,Roberto Chanel,Carmelo Mutarelli,Armando Tagini,,,,Armando Cupo,,,
Florindo Sassone,Orquesta Florindo Sassone,Fogón de Huella,,Tango,7/6/1949,Jorge Casal,Arturo Gallucci,Yaraví,,,,Armando Cupo,,,
Florindo Sassone,Orquesta Florindo Sassone,Junada,,Tango,7/6/1949,Roberto Chanel,Armando Pontier,Ángel Di Rosa,,,,Armando Cupo,,,
Florindo Sassone,Orquesta Florindo Sassone,Madre Hay una Sola,,Tango,8/2/1949,Jorge Casal,Agustín Bardi,José de la Vega,,,,Armando Cupo,,,
Florindo Sassone,Orquesta Florindo Sassone,Te Juro Madre Mía,,Tango,8/2/1949,Roberto Chanel,Juan Marini,José Sassone,,,,Armando Cupo,,,
Florindo Sassone,Orquesta Florindo Sassone,El Divorcio,,Milonga,10/4/1949,Roberto Chanel,Luis Addesso,Raúl Hormaza,,,,Armando Cupo,,,
Florindo Sassone,Orquesta Florindo Sassone,No Te Engañes Corazón,,Tango,10/4/1949,Jorge Casal,Rodolfo Sciammarella,Rodolfo Sciammarella,,,,Armando Cupo,,,
Florindo Sassone,Orquesta Florindo Sassone,"Ríe, Payaso",,Tango,12/21/1949,Roberto Chanel,Virgilio Carmona,Emilio Falero,,,,Armando Cupo,,,
Florindo Sassone,Orquesta Florindo Sassone,Serenata Criolla,,Tango,12/21/1949,Instrumental,Eduardo Parula,Eduardo Parula,,,,Armando Cupo,,,
Florindo Sassone,Orquesta Florindo Sassone,No Te Perdono Más,,Tango,1950,Carlos Malbrán,Rodolfo Sciammarella,Rodolfo Sciammarella,,,,,,,
Florindo Sassone,Orquesta Florindo Sassone,El Soldado,,Tango,1/10/1950,Roberto Chanel,Roberto Chanel,Reinaldo Yiso,,,,,,,
Florindo Sassone,Orquesta Florindo Sassone,Noches de Atenas,,Vals,1/10/1950,Jorge Casal,Horacio Pettorosi,Horacio Pettorosi,,,,,,,
Florindo Sassone,Orquesta Florindo Sassone,La Canción de Buenos Aires,,Tango,3/30/1950,Carlos Malbrán,"Azucena Maizani, Orestes Cúfaro",Manuel Romero,,,,,,,
Florindo Sassone,Orquesta Florindo Sassone,Visión,,Tango,3/30/1950,Roberto Chanel,Jaime Hoyos,Nolo López,,,,,,,
Florindo Sassone,Orquesta Florindo Sassone,Flor de Fango,,Tango,4/27/1950,Roberto Chanel,Augusto Gentile,Pascual Contursi,,,,,,,
Florindo Sassone,Orquesta Florindo Sassone,La Casita de Mis Viejos,La Casita de Mis Padres,Tango,4/27/1950,Carlos Malbrán,Juan Cobián,Enrique Cadícamo,,,,,,,
Florindo Sassone,Orquesta Florindo Sassone,Sinforosa,,Milonga,8/11/1950,Roberto Chanel,Roberto Chanel,Raúl Hormaza,,,,,,,
Florindo Sassone,Orquesta Florindo Sassone,Tabernero,El Tabernero,Tango,8/11/1950,Raúl Lavalle,"Miguel Cafre, Fausto Frontera",Raúl Olivieri,,,,,,,
Florindo Sassone,Orquesta Florindo Sassone,Un Cuadro y una Canción,,Tango,11/29/1950,Raúl Lavalle,"Arturo Gallucci, Florindo Sassone",José Rótulo,,,,,,,
Florindo Sassone,Orquesta Florindo Sassone,Y Mientes Todavía,,Tango,11/29/1950,Raúl Lavalle,Luciano Leocata,Abel Aznar,,,,,,,
Florindo Sassone,Orquesta Florindo Sassone,El Relámpago,,Tango,5/30/1951,Instrumental,Florindo Sassone,,,,,,,,
Florindo Sassone,Orquesta Florindo Sassone,Testamento de Arrabal,,Tango,5/30/1951,Rodolfo Galé,Oscar Castagniaro,Raúl Hormaza,,,,,,,
Florindo Sassone,Orquesta Florindo Sassone,El Patio de la Morocha,,Tango,6/13/1951,Rodolfo Galé,Mariano Mores,Cátulo Castillo,,,,,,,
Florindo Sassone,Orquesta Florindo Sassone,Maipo,,Tango,6/13/1951,Instrumental,Eduardo Arolas,Gabriel Clausi,,,,,,,
Florindo Sassone,Orquesta Florindo Sassone,La Trilla,,Tango,6/22/1951,Instrumental,Eduardo Arolas,Héctor Polito,,,,,,,
Florindo Sassone,Orquesta Florindo Sassone,Íntimas,,Tango,6/22/1951,Rodolfo Galé,Alfonso Lacueva,Ricardo Brignolo,,,,,,,
Florindo Sassone,Orquesta Florindo Sassone,La Guitarrita,,Tango,8/13/1951,Instrumental,Eduardo Arolas,Gabriel Clausi,,,,,,,
Florindo Sassone,Orquesta Florindo Sassone,Trago Amargo,,Tango,8/13/1951,Rodolfo Galé,Rafael Iriarte,Julio Navarrine,,,,,,,
Florindo Sassone,Orquesta Florindo Sassone,"Adiós, Muchachos",,Tango,11/21/1951,Rodolfo Galé,Julio Sanders,"César Vedani, Carol Raven",,,,,,,
Florindo Sassone,Orquesta Florindo Sassone,Don Naides,,Tango,11/21/1951,Rodolfo Galé,Maruja Huergo,Venancio Clauso,,,,,,,
Florindo Sassone,Orquesta Florindo Sassone,El Chamuyo,,Tango,11/21/1951,Instrumental,Francisco Canaro,,,,,,,,
Florindo Sassone,Orquesta Florindo Sassone,Para Qué Vivir Así,,Tango,11/21/1951,Rodolfo Galé,Luciano Leocata,Reinaldo Yiso,,,,,,,
Florindo Sassone,Orquesta Florindo Sassone,Por el Camino,El Boyero,Tango,1/29/1952,Rodolfo Galé,José Bohr,José Castillo,,,,,,,
Florindo Sassone,Orquesta Florindo Sassone,Tango de las Rosas,,Tango,1/29/1952,Instrumental,"F. Schreier, A. Bottero",,,,,,,,
Florindo Sassone,Orquesta Florindo Sassone,Ahí Va la Yapa,,Tango,2/12/1952,Instrumental,Ángel Domínguez,Ángel Domínguez,,,,,,,
Florindo Sassone,Orquesta Florindo Sassone,Buenos Aires de Antaño,,Tango,2/12/1952,Rodolfo Galé,Eduardo Parula,Eduardo Parula,,,,,,,
Florindo Sassone,Orquesta Florindo Sassone,Corrientes Angosta,,Tango,8/6/1952,Roberto Chanel,Ángel Gatti,Ángel Gatti,,,,,,,
Florindo Sassone,Orquesta Florindo Sassone,Vieja Postal,,Milonga,8/6/1952,Rodolfo Galé,Juan Guichandut,Horacio Sanguinetti,,,,,,,
Florindo Sassone,Orquesta Florindo Sassone,La Otra Mamá,,Tango,10/9/1952,Roberto Chanel,Luciano Leocata,Reinaldo Yiso,,,,,,,
Florindo Sassone,Orquesta Florindo Sassone,Mambo,,Tango,10/9/1952,Roberto Chanel,Alfredo Mazocch,Reinaldo Yiso,,,,,,,
Florindo Sassone,Orquesta Florindo Sassone,Mi Relato,,Tango,10/9/1952,Rodolfo Galé,"Raúl Hormaza, Bernardo Slipak, Pedro Schemper","Raúl Hormaza, Bernardo Slipak, Pedro Schemper",,,,,,,
Florindo Sassone,Orquesta Florindo Sassone,Pleito Malevo,,Tango,10/9/1952,Rodolfo Galé,Florindo Sassone,Raúl Hormaza,,,,,,,
Florindo Sassone,Orquesta Florindo Sassone,Mi Marianela,,Vals,12/5/1952,Rodolfo Galé,Bernardo Slipak,"Pedro Schemper, Guillermo Valerio",,,,,,,
Florindo Sassone,Orquesta Florindo Sassone,T.b.c.,Tbc,Tango,12/5/1952,Roberto Chanel,Ascanio Donato,"Roberto Fontaina, Víctor Soliño",,,,,,,
Florindo Sassone,Orquesta Florindo Sassone,Marejada,,Tango,1/15/1953,Instrumental,Roberto Firpo,Daniel Barreto,,,,,,,
Florindo Sassone,Orquesta Florindo Sassone,Pasó,,Tango,1/15/1953,Rodolfo Galé,"Bernardo Slipak, Pedro Schemper, Florindo Sassone","Bernardo Slipak, Pedro Schemper, Florindo Sassone",,,,,,,
Florindo Sassone,Orquesta Florindo Sassone,El Estrellero,,Tango,4/15/1953,Rodolfo Galé,Mariano Mores,Francisco Amor,,,,,,,
Florindo Sassone,Orquesta Florindo Sassone,Yunque,,Tango,4/15/1953,Rodolfo Galé,Alonso Díaz,Alfredo Navarrine,,,,,,,
Florindo Sassone,Orquesta Florindo Sassone,Canaro,,Tango,2/29/1956,Instrumental,José Martínez,,,,,,,,
Florindo Sassone,Orquesta Florindo Sassone,Lágrimas,,Tango,2/29/1956,Instrumental,Eduardo Arolas,Héctor Polito,,,,,,,
Florindo Sassone,Orquesta Florindo Sassone,Bahía Blanca,Bahia Blanca,Tango,9/10/1959,Instrumental,Carlos Di Sarli,,,,,Osvaldo Requena,,,
Florindo Sassone,Orquesta Florindo Sassone,Bar Exposición,Cosa Linda Barata,Tango,9/10/1959,Instrumental,Luis Teisseire,,,,,Osvaldo Requena,,,
Florindo Sassone,Orquesta Florindo Sassone,El Morochito,,Tango,9/10/1959,Instrumental,Vicente Greco,Gerónimo Gradito,,,,Osvaldo Requena,,,
Florindo Sassone,Orquesta Florindo Sassone,Tomasito,,Tango,9/10/1959,Instrumental,Peregrino Paulos,,,,,Osvaldo Requena,,,
Florindo Sassone,Orquesta Florindo Sassone,Retintín,,Tango,9/29/1959,Instrumental,Eduardo Arolas,Gabriel Clausi,,,,Osvaldo Requena,,,
Florindo Sassone,Orquesta Florindo Sassone,Rodríguez Peña,Rodriguez Peña,Tango,9/29/1959,Instrumental,Vicente Greco,"Ernesto Temes, Juan Velich, Rafael Velich",,,,Osvaldo Requena,,,
Florindo Sassone,Orquesta Florindo Sassone,"Adiós, Muchachos",,Tango,10/2/1959,Andrés Peyró,Julio Sanders,"César Vedani, Carol Raven",,,,Osvaldo Requena,,,
Florindo Sassone,Orquesta Florindo Sassone,Rawson,,Tango,10/2/1959,Instrumental,Eduardo Arolas,Gabriel Clausi,,,,Osvaldo Requena,,,
Florindo Sassone,Orquesta Florindo Sassone,Hotel Victoria,Gran Hotel Victoria,Tango,10/8/1959,Instrumental,Feliciano Latasa,Carlos Pesce,,,,Osvaldo Requena,,,
Florindo Sassone,Orquesta Florindo Sassone,Organito de la Tarde,,Tango,10/8/1959,Andrés Peyró,Castillo Cátulo,José Castillo,,,,Osvaldo Requena,,,
Florindo Sassone,Orquesta Florindo Sassone,Soledad,,Tango,10/8/1959,Fontán Luna,Carlos Gardel,Alfredo Le Pera,,,,Osvaldo Requena,,,
Florindo Sassone,Orquesta Florindo Sassone,Tierra Negra,,Tango,10/8/1959,Instrumental,"Graciano de Leone, Juan Noli",Francisco Bastardi,,,,Osvaldo Requena,,,
Florindo Sassone,Orquesta Florindo Sassone,A Media Luz,,Tango,10/15/1959,Andrés Peyró,Edgardo Donato,Carlos Lenzi,,,,Osvaldo Requena,,,
Florindo Sassone,Orquesta Florindo Sassone,Mano a Mano,Viejo Bandoneón,Tango,10/15/1959,Fontán Luna,"Carlos Gardel, José Razzano",Celedonio Flores,,,,Osvaldo Requena,,,
Florindo Sassone,Orquesta Florindo Sassone,Las Hojas Muertas,,Tango,11/24/1959,Instrumental,"J. Kosma, J. Prevert",,,,,Osvaldo Requena,,,
Florindo Sassone,Orquesta Florindo Sassone,Tango Azul,,Tango,11/24/1959,Instrumental,Leroy Anderson,,,,,Osvaldo Requena,,,
Florindo Sassone,Orquesta Florindo Sassone,Che Papusa Oí,,Tango,1/28/1960,Andrés Peyró,Gerardo Rodríguez,Enrique Cadícamo,,,,Osvaldo Requena,,,
Florindo Sassone,Orquesta Florindo Sassone,Tu Pecado,,Tango,1/28/1960,Fontán Luna,Pacífico Lambertucci,Santiago Adamini,,,,Osvaldo Requena,,,
Florindo Sassone,Orquesta Florindo Sassone,Esclavo de Tu Piel,,Tango,6/21/1960,Osvaldo de Santis,Lucio Demare,Alberto Martínez,,,,Osvaldo Requena,,,
Florindo Sassone,Orquesta Florindo Sassone,Negro el 20,Negro el Veinte,Tango,6/21/1960,Instrumental,Luis Petrucelli,,,,,Osvaldo Requena,,,
Florindo Sassone,Orquesta Florindo Sassone,Enamorada,,Tango,8/10/1962,Instrumental,"A. Algueró, Rafael de León",,,,,Osvaldo Requena,,,
Florindo Sassone,Orquesta Florindo Sassone,No Me Puedo Quejar,,Tango,8/10/1962,Instrumental,"Ch. Dumont, M. Vaucaire",,,,,Osvaldo Requena,,,
Florindo Sassone,Orquesta Florindo Sassone,Clavel del Aire,,Tango,8/16/1962,Instrumental,Juan Filiberto,Fernando Valdés,,,,Osvaldo Requena,,,
Florindo Sassone,Orquesta Florindo Sassone,Papas Calientes,,Tango,8/16/1962,Instrumental,Eduardo Arolas,Héctor Polito,,,,Osvaldo Requena,,,
Florindo Sassone,Orquesta Florindo Sassone,La Trilla,,Tango,9/4/1962,Instrumental,Eduardo Arolas,Héctor Polito,,,,Osvaldo Requena,,,
Florindo Sassone,Orquesta Florindo Sassone,Luto Blanco,,Tango,9/4/1962,Osvaldo de Santis,Armando Pontier,Alberto Martínez,,,,Osvaldo Requena,,,
Florindo Sassone,Orquesta Florindo Sassone,La Guitarrita,,Tango,9/10/1962,Instrumental,Eduardo Arolas,Gabriel Clausi,,,,Osvaldo Requena,,,
Florindo Sassone,Orquesta Florindo Sassone,Malevaje,,Tango,9/10/1962,Andrés Peyró,Juan Filiberto,Enrique Discépolo,,,,Osvaldo Requena,,,
Florindo Sassone,Orquesta Florindo Sassone,El Opio,,Tango,9/21/1962,Instrumental,Francisco Canaro,,,,,Osvaldo Requena,,,
Florindo Sassone,Orquesta Florindo Sassone,Lágrimas,,Tango,9/21/1962,Instrumental,Eduardo Arolas,Héctor Polito,,,,Osvaldo Requena,,,
Florindo Sassone,Orquesta Florindo Sassone,El Choclo,Kiss of Fire,Tango,10/5/1962,Instrumental,Ángel Villoldo,"Juan Catán, Enrique Discépolo",,,,Osvaldo Requena,,,
Florindo Sassone,Orquesta Florindo Sassone,La Clavada,,Tango,10/5/1962,Instrumental,Ernesto Zambonini,,,,,Osvaldo Requena,,,
Florindo Sassone,Orquesta Florindo Sassone,Coqueteando por la Ribera,,Milonga,1/25/1963,Osvaldo de Santis,"Florindo Sassone, Javier Mazzea",Yaraví,,,,Osvaldo Requena,,,
Florindo Sassone,Orquesta Florindo Sassone,Mi Corazón Te Perdonó,,Tango,1/25/1963,Osvaldo de Santis,Mapera,Carlos Russo,,,,Osvaldo Requena,,,
Florindo Sassone,Orquesta Florindo Sassone,Errante Vagabundo,,Vals,8/22/1963,Osvaldo de Santis y Alberto Rial,"Reinaldo Yiso, Ángel Cabral","Reinaldo Yiso, Ángel Cabral",,,,Osvaldo Requena,,,
Florindo Sassone,Orquesta Florindo Sassone,Tierrita,,Tango,8/22/1963,Instrumental,Agustín Bardi,,,,,Osvaldo Requena,,,
Florindo Sassone,Orquesta Florindo Sassone,Como los Nardos en Flor,,Tango,11/21/1963,Instrumental,"Teófilo Lespés, Mario Lespés",Eduardo Viera,,,,Osvaldo Requena,,,
Florindo Sassone,Orquesta Florindo Sassone,Violeta,,Vals,11/21/1963,Osvaldo de Santis,"Florindo Sassone, Javier Mazzea",Raúl Olivieri,,,,Osvaldo Requena,,,
Florindo Sassone,Orquesta Florindo Sassone,Buenos Aires,,Tango,8/23/1965,Oscar Macri,Manuel Jovés,Manuel Romero,,,,Osvaldo Requena,,,
Florindo Sassone,Orquesta Florindo Sassone,Porque Sé que Me Querés,,Tango,8/23/1965,Oscar Macri,Orlando Calautti,Lorenzo Spanu,,,,Osvaldo Requena,,,
Florindo Sassone,Orquesta Florindo Sassone,Caminito,,Tango,8/31/1965,Oscar Macri,Juan Filiberto,Gabino Peñaloza,,,,Osvaldo Requena,,,
Florindo Sassone,Orquesta Florindo Sassone,Don Juan,Mozos Guapos,Tango,8/31/1965,Instrumental,Ernesto Ponzio,Ricardo Podestá,,,,Osvaldo Requena,,,
Florindo Sassone,"Sexteto ""Don Florindo"" Dirigido por Florindo Sassone",El Porteñito,,Milonga,1966,Instrumental,Ángel Villoldo,Ángel Villoldo,,,,Osvaldo Requena,,,
Florindo Sassone,Orquesta Florindo Sassone,A la Gran Muñeca,,Tango,3/8/1966,Instrumental,Jesús Ventura,Miguel Osés,,,,Osvaldo Requena,,,
Florindo Sassone,Orquesta Florindo Sassone,El Amanecer,,Tango,3/8/1966,Instrumental,Roberto Firpo,,,,,Osvaldo Requena,,,
Florindo Sassone,Orquesta Florindo Sassone,Sentimiento Gaucho,,Tango,3/8/1966,Mario Bustos,"Francisco Canaro, Rafael Canaro",Juan Caruso,,,,Osvaldo Requena,,,
Florindo Sassone,Orquesta Florindo Sassone,Tomo y Obligo,,Tango,3/8/1966,Mario Bustos,Carlos Gardel,Manuel Romero,,,,Osvaldo Requena,,,
Florindo Sassone,Orquesta Florindo Sassone,Esta Noche Me Emborracho,,Tango Nuevo,3/10/1966,Mario Bustos,Enrique Discépolo,Enrique Discépolo,,,,Osvaldo Requena,,,
Florindo Sassone,Orquesta Florindo Sassone,La Tablada,,Tango,3/10/1966,Instrumental,Francisco Canaro,,,,,Osvaldo Requena,,,
Florindo Sassone,Orquesta Florindo Sassone,Felicia,,Tango,3/11/1966,Instrumental,Enrique Saborido,Carlos Pacheco,,,,Osvaldo Requena,,,
Florindo Sassone,Orquesta Florindo Sassone,La Última Copa,,Tango,3/11/1966,Mario Bustos,Francisco Canaro,Juan Caruso,,,,Osvaldo Requena,,,
Florindo Sassone,Orquesta Florindo Sassone,Bandoneón Arrabalero,,Tango,3/15/1966,Mario Bustos,Juan Deambroggio,Pascual Contursi,,,,Osvaldo Requena,,,
Florindo Sassone,Orquesta Florindo Sassone,Yira... Yira...,,Tango,3/15/1966,Mario Bustos,Enrique Discépolo,Enrique Discépolo,,,,Osvaldo Requena,,,
Florindo Sassone,Orquesta Florindo Sassone,La Cumparsita,Si Supieras,Tango,3/21/1966,Instrumental,Gerardo Rodríguez,"Pascual Contursi, Enrique Maroni, Gerardo Rodríguez",,,,Osvaldo Requena,,,
Florindo Sassone,Orquesta Florindo Sassone,Una Noche de Garufa,,Tango,3/21/1966,Instrumental,Eduardo Arolas,Gabriel Clausi,,,,Osvaldo Requena,,,
Florindo Sassone,Orquesta Florindo Sassone,Derecho Viejo,,Tango,3/24/1966,Instrumental,Eduardo Arolas,Gabriel Clausi,,,,Osvaldo Requena,,,
Florindo Sassone,Orquesta Florindo Sassone,El Relámpago,,Tango,3/24/1966,Instrumental,Florindo Sassone,,,,,Osvaldo Requena,,,
Florindo Sassone,Orquesta Florindo Sassone,9 de Julio,Nueve de Julio,Tango,6/21/1966,Instrumental,José Padula,Lito Bayardo,,,,Osvaldo Requena,,,
Florindo Sassone,Orquesta Florindo Sassone,Baldosa Floja,,Milonga,10/31/1967,Oscar Macri,"Florindo Sassone, Julio Boccazzi",Dante Gilardoni,,,,,,,
Florindo Sassone,Orquesta Florindo Sassone,Rosa de Tokio,,Tango,10/31/1967,Oscar Macri,"Florindo Sassone, Orlando Calautti",Lorenzo Spanu,,,,,,,
Florindo Sassone,Orquesta Florindo Sassone,Milonguita,Esthercita,Tango,5/15/1968,Instrumental,Enrique Delfino,Samuel Linning,,,,,,,
Florindo Sassone,Orquesta Florindo Sassone,Una Lágrima Tuya,,Tango,5/15/1968,Instrumental,Mariano Mores,Homero Manzi,,,,,,,
Florindo Sassone,Orquesta Florindo Sassone,A Media Luz,,Tango,5/16/1968,Instrumental,Edgardo Donato,Carlos Lenzi,,,,,,,
Florindo Sassone,Orquesta Florindo Sassone,Caminito,,Tango,5/16/1968,Instrumental,Juan Filiberto,Gabino Peñaloza,,,,,,,
Florindo Sassone,Orquesta Florindo Sassone,El Pañuelito,,Tango,5/21/1968,Instrumental,Juan Filiberto,Gabino Peñaloza,,,,,,,
Florindo Sassone,Orquesta Florindo Sassone,Mamá Yo Quiero un Novio,,Tango,5/21/1968,Instrumental,Ramón Collazo,Roberto Fontaina,,,,,,,
Florindo Sassone,Orquesta Florindo Sassone,Adiós Corazón,,Tango,5/23/1968,Instrumental,Lalo Etchegoncelay,Héctor Sapelli,,,,,,,
Florindo Sassone,Orquesta Florindo Sassone,"Adiós, Pampa Mía",,Tango,5/23/1968,Instrumental,"Francisco Canaro, Mariano Mores",Ivo Pelay,,,,,,,
Florindo Sassone,Orquesta Florindo Sassone,"Adiós, Muchachos",,Tango,5/24/1968,Instrumental,Julio Sanders,"César Vedani, Carol Raven",,,,,,,
Florindo Sassone,Orquesta Florindo Sassone,Bomboncito,,Tango,5/28/1968,Instrumental,"Antonio Romano, Jorge Bogliacino",Luis Caruso,,,,,,,
Florindo Sassone,Orquesta Florindo Sassone,Danzarín,Danzarin,Tango,5/30/1968,Instrumental,Julián Plaza,,,,,,,,
Florindo Sassone,Orquesta Florindo Sassone,La Cumparsita,Si Supieras,Tango,5/30/1968,Instrumental,Gerardo Rodríguez,"Pascual Contursi, Enrique Maroni, Gerardo Rodríguez",,,,,,,
Florindo Sassone,Orquesta Florindo Sassone,Organito de la Tarde,,Tango,6/3/1968,Instrumental,Castillo Cátulo,José Castillo,,,,,,,
Florindo Sassone,Orquesta Florindo Sassone,Yira... Yira...,,Tango,6/3/1968,Instrumental,Enrique Discépolo,Enrique Discépolo,,,,,,,
Florindo Sassone,Orquesta Florindo Sassone,Orquídeas a la Luz de la Luna,Orchids in the Moonlight,Tango,7/12/1968,Instrumental,"Vincent Youmans, Gus Kahn",,,,,,,,
Florindo Sassone,Orquesta Florindo Sassone,Tango Nocturno,,Tango,7/12/1968,Instrumental,Hans Borgmann,,,,,,,,
Florindo Sassone,Orquesta Florindo Sassone,Celos,Jalousie/jelousie/jolouise,Tango,7/13/1968,Instrumental,Jacobo Gade,Adaptación Moreno,,,,,,,
Florindo Sassone,Orquesta Florindo Sassone,Sueño Azul,Pelona,Tango,7/13/1968,Instrumental,"Tibor Barczy, Last","Tibor Barczy, Roberto Zerrillo",,,,,,,
Florindo Sassone,Orquesta Florindo Sassone,Un Jardín en Italia,,Tango,7/13/1968,Instrumental,"Ralph Erwin, Last",,,,,,,,
Florindo Sassone,Orquesta Florindo Sassone,Ojos Negros,Dark Eyes,Tango,8/19/1968,Instrumental,"Hans Last, Peter Zeeden",,,,,,,,
Florindo Sassone,Orquesta Florindo Sassone,Tango de las Rosas,,Tango,8/19/1968,Instrumental,"F. Schreier, A. Bottero",,,,,,,,
Florindo Sassone,Orquesta Florindo Sassone,"Beso su Mano, Señora",Ich Küsse Ihre Hand Madame,Tango,8/27/1968,Instrumental,Ralph Erwin,Fritz Rotter,,,,,,,
Florindo Sassone,Orquesta Florindo Sassone,Cielo Azul,,Tango,8/27/1968,Instrumental,Josef Rixner,,,,,,,,
Florindo Sassone,Orquesta Florindo Sassone,Una Noche en Montecarlo,,Tango,8/27/1968,Instrumental,"Heyman, Last",,,,,,,,
Florindo Sassone,Orquesta Florindo Sassone,El Amor No Sirve Para Nada,L'amour C'est Pour Rien,Tango,8/30/1968,Instrumental,Enrico Macías/Blanc,,,,,,,,
Florindo Sassone,Orquesta Florindo Sassone,La Canción de los Pescadores de Perlas,,Tango,8/30/1968,Instrumental,Georges Bizet,,,,,,,,
Florindo Sassone,Orquesta Florindo Sassone,Lluvia Sobre el Camino,,Tango,8/30/1968,Instrumental,Henry Himmel,,,,,,,,
Florindo Sassone,Orquesta Florindo Sassone,Olé Guapa,,Tango,8/30/1968,Instrumental,Arie Malando,Pat Pattison,,,,,,,
Florindo Sassone,Orquesta Florindo Sassone,Cascabelito,,Tango Nuevo,4/9/1970,Oscar Macri,José Bohr,Juan Caruso,,,,,,,
Florindo Sassone,Orquesta Florindo Sassone,La Viruta,,Tango Nuevo,4/9/1970,Instrumental,Vicente Greco,,,,,,,,
Florindo Sassone,Orquesta Florindo Sassone,El Chamuyo,,Tango Nuevo,4/16/1970,Instrumental,Francisco Canaro,,,,,,,,
Florindo Sassone,Orquesta Florindo Sassone,Fuegos Artificiales,,Tango Nuevo,4/16/1970,Instrumental,"Roberto Firpo, Eduardo Arolas",,,,,,,,
Florindo Sassone,Orquesta Florindo Sassone,La Cumparsita,Si Supieras,Tango Nuevo,4/16/1970,Oscar Macri,Gerardo Rodríguez,"Pascual Contursi, Enrique Maroni",,,,,,,
Florindo Sassone,Orquesta Florindo Sassone,Vida Mía,Vida Mia,Tango Nuevo,4/16/1970,Oscar Macri,Osvaldo Fresedo,Emilio Fresedo,,,,,,,
Florindo Sassone,Orquesta Florindo Sassone,El Llorón,,Tango Milonga,4/28/1970,Instrumental,Juan Maglio,Enrique Cadícamo,,,,,,,
Florindo Sassone,Orquesta Florindo Sassone,En el Lago Azul,,Tango Nuevo,4/28/1970,Instrumental,Roberto Rufino,Alejandro Romay,,,,,,,
Florindo Sassone,Orquesta Florindo Sassone,Madreselva,,Tango Nuevo,4/28/1970,Zulema Robles,Francisco Canaro,Luis Amadori,,,,,,,
Florindo Sassone,Orquesta Florindo Sassone,Mi Noche Triste,,Tango Nuevo,4/28/1970,Instrumental,Samuel Castriota,Pascual Contursi,,,,,,,
Florindo Sassone,Orquesta Florindo Sassone,Cuando Llora la Milonga,,Tango Nuevo,4/30/1970,Instrumental,Juan Filiberto,Luis Mario,,,,,,,
Florindo Sassone,Orquesta Florindo Sassone,Duelo Criollo,,Tango Nuevo,4/30/1970,Instrumental,Juan Rezzano,Lito Bayardo,,,,,,,
Florindo Sassone,Orquesta Florindo Sassone,Carrillón de la Mercéd,Carillón de la Mercéd,Tango Nuevo,5/5/1970,Instrumental,Enrique Discépolo,"Enrique Discépolo, Alfredo Le Pera",,,,,,,
Florindo Sassone,Orquesta Florindo Sassone,El Estrellero,,Tango Nuevo,5/5/1970,Instrumental,Mariano Mores,Francisco Amor,,,,,,,
Florindo Sassone,Orquesta Florindo Sassone,Cuidado que Hay Luces Rojas,,Milonga Nueva,11/27/1970,Oscar Macri,"Javier Mazzea, Manuel Arcos, Florindo Sassone","Javier Mazzea, Manuel Arcos, Florindo Sassone",,,,,,,
Florindo Sassone,Orquesta Florindo Sassone,Hermosa Japonesita,,Tango Nuevo,11/27/1970,Oscar Macri,Osvaldo Pugliese,Javier Mazzea,,,,,,,
Florindo Sassone,Orquesta Florindo Sassone,"Beso su Mano, Señora",Ich Küsse Ihre Hand Madame,Tango Nuevo,1971,Instrumental,Ralph Erwin,Fritz Rotter,,,,,,,
Florindo Sassone,Orquesta Florindo Sassone,Canción del Amanecer,,Tango Nuevo,1971,Instrumental,Unknown,,,,,,,,
Florindo Sassone,Orquesta Florindo Sassone,Celos,Jalousie/jelousie/jolouise,Tango Nuevo,1971,Instrumental,Jacobo Gade,Adaptación Moreno,,,,,,,
Florindo Sassone,Orquesta Florindo Sassone,Cielo Azul,,Tango Nuevo,1971,Instrumental,Josef Rixner,,,,,,,,
Florindo Sassone,Orquesta Florindo Sassone,Donna Vatra,,Tango Nuevo,1971,Instrumental,Rodolfo Peters,,,,,,,,
Florindo Sassone,Orquesta Florindo Sassone,El Amor No Sirve Para Nada,L'amour C'est Pour Rien,Tango Nuevo,1971,Instrumental,Enrico Macías/Blanc,,,,,,,,
Florindo Sassone,Orquesta Florindo Sassone,En un Pequeño Café,,Tango Nuevo,1971,Instrumental,Fred Raimond,,,,,,,,
Florindo Sassone,Orquesta Florindo Sassone,Esperanza,,Tango Nuevo,1971,Instrumental,Unknown,,,,,,,,
Florindo Sassone,Orquesta Florindo Sassone,Final de un Amor,,Tango Nuevo,1971,Instrumental,Unknown,,,,,,,,
Florindo Sassone,Orquesta Florindo Sassone,Isla de Capri,,Tango Nuevo,1971,Instrumental,"Will Grosz, Jimmy Kennedy","Jimmy Kennedy, Angel del Valle",,,,,,,
Florindo Sassone,Orquesta Florindo Sassone,La Canción de Violeta,,Tango Nuevo,1971,Instrumental,"Othmar Klase, Rudi Lukesch",,,,,,,,
Florindo Sassone,Orquesta Florindo Sassone,La Paloma,,Tango Nuevo,1971,Instrumental,Sebastian de Yradier,"A. Franci, Jean Rodor",,,,,,,
Florindo Sassone,Orquesta Florindo Sassone,Le Tango Du Rêve,Tango del Sueño,Tango Nuevo,1971,Instrumental,Edward Van Malderen,Jean Carwald,,,,,,,
Florindo Sassone,Orquesta Florindo Sassone,Lluvia,,Tango Nuevo,1971,Instrumental,"Juan Gelman, Raul Tuñon",?,,,,,,,
Florindo Sassone,Orquesta Florindo Sassone,Lluvia Sobre el Camino,,Tango Nuevo,1971,Instrumental,Henry Himmel,,,,,,,,
Florindo Sassone,Orquesta Florindo Sassone,Luz Azul,,Tango Nuevo,1971,Instrumental,Unknown,,,,,,,,
Florindo Sassone,Orquesta Florindo Sassone,Mi Corazón Es un Violín,,Tango Nuevo,1971,Instrumental,Miarka Lapacerié,,,,,,,,
Florindo Sassone,Orquesta Florindo Sassone,Mujer,,Tango Nuevo,1971,Instrumental,Unknown,,,,,,,,
Florindo Sassone,Orquesta Florindo Sassone,Mundo Para Dos,,Tango Nuevo,1971,Instrumental,Unknown,,,,,,,,
Florindo Sassone,Orquesta Florindo Sassone,Nina,,Tango Nuevo,1971,Instrumental,Abraham,,,,,,,,
Florindo Sassone,Orquesta Florindo Sassone,Nostalgias,,Vals Nuevo,1971,Instrumental,Unknown,,,,,,,,
Florindo Sassone,Orquesta Florindo Sassone,"Oh, Donna Clara",,Tango Nuevo,1971,Instrumental,"Rafaelmo, Peters",,,,,,,,
Florindo Sassone,Orquesta Florindo Sassone,Ojos Negros,Dark Eyes,Tango Nuevo,1971,Instrumental,"Hans Last, Peter Zeeden",,,,,,,,
Florindo Sassone,Orquesta Florindo Sassone,Olé Guapa,,Tango Nuevo,1971,Instrumental,Arie Malando,Pat Pattison,,,,,,,
Florindo Sassone,Orquesta Florindo Sassone,Orquídeas a la Luz de la Luna,Orchids in the Moonlight,Tango Nuevo,1971,Instrumental,"Vincent Youmans, Gus Kahn, Eliscu, Loges",,,,,,,,
Florindo Sassone,Orquesta Florindo Sassone,Sueño,,Tango Nuevo,1971,Instrumental,Unknown,,,,,,,,
Florindo Sassone,Orquesta Florindo Sassone,Tango Azul,,Tango Nuevo,1971,Instrumental,Leroy Anderson,,,,,,,,
Florindo Sassone,Orquesta Florindo Sassone,Tango Nocturno,,Tango Nuevo,1971,Instrumental,Hans Borgmann,,,,,,,,
Florindo Sassone,Orquesta Florindo Sassone,Tango de las Rosas,,Tango Nuevo,1971,Instrumental,"F. Schreier, A. Bottero",,,,,,,,
Florindo Sassone,Orquesta Florindo Sassone,Te Quiero,,Tango Nuevo,1971,Instrumental,Francisco Canaro,Francisco Canaro,,,,,,,
Florindo Sassone,Orquesta Florindo Sassone,Un Jardín en Italia,,Tango Nuevo,1971,Instrumental,"Ralph Erwin, Last",,,,,,,,
Florindo Sassone,Orquesta Florindo Sassone,Una Noche de Tokyo,,Tango Nuevo,1971,Instrumental,Unknown,,,,,,,,
Florindo Sassone,Orquesta Florindo Sassone,Vals Azul,,Vals Nuevo,1971,Instrumental,Unknown,,,,,,,,
Florindo Sassone,Orquesta Florindo Sassone,Violín Gitano,,Tango Nuevo,1971,Instrumental,"C.a.bixio, B.cherubini, Artemia Lavelli",,,,,,,,
Florindo Sassone,Orquesta Florindo Sassone,Rodríguez Peña,Rodriguez Peña,Tango Nuevo,1972,Instrumental,Vicente Greco,"Ernesto Temes, Juan Velich, Rafael Velich",,,,,,,
Florindo Sassone,Orquesta Florindo Sassone,A Media Luz,,Tango Nuevo,1973,Instrumental,Edgardo Donato,Carlos Lenzi,,,,,,,
Florindo Sassone,Orquesta Florindo Sassone,Caminito,,Tango Nuevo,1973,Instrumental,Juan Filiberto,Gabino Peñaloza,,,,,,,
Florindo Sassone,Orquesta Florindo Sassone,Carrillón de la Mercéd,Carillón de la Mercéd,Tango Nuevo,1973,Instrumental,Enrique Discépolo,"Enrique Discépolo, Alfredo Le Pera",,,,,,,
Florindo Sassone,Orquesta Florindo Sassone,Chiqué!...,El Elegante,Tango Nuevo,1973,Instrumental,Ricardo Brignolo,Ricardo Brignolo,,,,,,,
Florindo Sassone,Orquesta Florindo Sassone,El Choclo,Kiss of Fire,Tango Nuevo,1973,Instrumental,Ángel Villoldo,"Juan Catán, Enrique Discépolo",,,,,,,
Florindo Sassone,Orquesta Florindo Sassone,El Huracán,El Huracan,Tango Nuevo,1973,Instrumental,"Osvaldo Donato, Edgardo Donato",Nolo López,,,,,,,
Florindo Sassone,Orquesta Florindo Sassone,La Cumparsita,Si Supieras,Tango Nuevo,1973,Instrumental,Gerardo Rodríguez,"Pascual Contursi, Enrique Maroni, Gerardo Rodríguez",,,,,,,
Florindo Sassone,Orquesta Florindo Sassone,La Morocha,,Tango Nuevo,1973,Instrumental,Enrique Saborido,Ángel Villoldo,,,,,,,
Florindo Sassone,Orquesta Florindo Sassone,Nostalgias,,Tango Nuevo,1973,Instrumental,Juan Cobián,Enrique Cadícamo,,,,,,,
Florindo Sassone,Orquesta Florindo Sassone,"Portero, Suba y Diga",,Tango Nuevo,1973,Rodolfo Lemos,Eduardo de Labar,Luis Amadori,,,,,,,
Florindo Sassone,Orquesta Florindo Sassone,Quejas de Bandoneón,Quejas de Bandoneon,Tango Nuevo,1973,Instrumental,Juan Filiberto,,,,,,,,
Florindo Sassone,Orquesta Florindo Sassone,Re Fa Si,,Tango Nuevo,1973,Instrumental,Enrique Delfino,,,,,,,,
Florindo Sassone,Orquesta Florindo Sassone,Rodríguez Peña,Rodriguez Peña,Tango Nuevo,1973,Instrumental,Vicente Greco,"Ernesto Temes, Juan Velich, Rafael Velich",,,,,,,
Florindo Sassone,Orquesta Florindo Sassone,A la Gran Muñeca,,Tango Nuevo,1974,Instrumental,Jesús Ventura,Miguel Osés,,,,,,,
Florindo Sassone,Orquesta Florindo Sassone,Amor C'est Pour Rien,,Tango Nuevo,1974,Instrumental,"Enrico Macías, Blanc",?,,,,,,,
Florindo Sassone,Orquesta Florindo Sassone,Celos,Jalousie/jelousie/jolouise,Tango Nuevo,1974,Instrumental,Jacobo Gade,Adaptación Moreno,,,,,,,
Florindo Sassone,Orquesta Florindo Sassone,El Amanecer,,Tango Nuevo,1974,Instrumental,Roberto Firpo,,,,,,,,
Florindo Sassone,Orquesta Florindo Sassone,El Apache Argentino,,Tango Nuevo,1974,Instrumental,Manuel Aróztegui,Arturo Mathón,,,,,,,
Florindo Sassone,Orquesta Florindo Sassone,El Escondite de Hernando,Hernando's Hideaway,Tango Nuevo,1974,Instrumental,"Richard Adler, Jerry Ross",,,,,,,,
Florindo Sassone,Orquesta Florindo Sassone,El Incendio,,Tango Nuevo,1974,Instrumental,Arturo de Bassi,,,,,,,,
Florindo Sassone,Orquesta Florindo Sassone,En un Café Chiquito,,Tango Nuevo,1974,Instrumental,Fred Raimond,,,,,,,,
Florindo Sassone,Orquesta Florindo Sassone,Escuche Mi Violeta,,Tango Nuevo,1974,Instrumental,Dray,,,,,,,,
Florindo Sassone,Orquesta Florindo Sassone,La Canción de los Pescadores de Perlas,,Tango Nuevo,1974,Instrumental,Georges Bizet,,,,,,,,
Florindo Sassone,Orquesta Florindo Sassone,La Payanca,,Tango Nuevo,1974,Instrumental,Augusto Berto,Jesús Bianco,,,,,,,
Florindo Sassone,Orquesta Florindo Sassone,La Última Copa,,Tango Nuevo,1974,Instrumental,Francisco Canaro,Juan Caruso,,,,,,,
Florindo Sassone,Orquesta Florindo Sassone,Madame,,Tango Nuevo,1974,Instrumental,Ralph Erwin,,,,,,,,
Florindo Sassone,Orquesta Florindo Sassone,Malevaje,,Tango Nuevo,1974,Rodolfo Lemos,Juan Filiberto,Enrique Discépolo,,,,,,,
Florindo Sassone,Orquesta Florindo Sassone,"Oh, Donna Clara",,Tango Nuevo,1974,Instrumental,"Rafaelmo, Peters",,,,,,,,
Florindo Sassone,Orquesta Florindo Sassone,Ojos Negros,Dark Eyes,Tango Nuevo,1974,Instrumental,"Hans Last, Peter Zeeden",,,,,,,,
Florindo Sassone,Orquesta Florindo Sassone,Orquidea,,Tango Nuevo,1974,Instrumental,Marsilio Robles,,,,,,,,
Florindo Sassone,Orquesta Florindo Sassone,Papas Calientes,,Tango Nuevo,1974,Instrumental,Eduardo Arolas,Héctor Polito,,,,,,,
Florindo Sassone,Orquesta Florindo Sassone,Patotero Sentimental,Bailarín Porteño | Patotero,Tango Nuevo,1974,Oscar Macri,Manuel Jovés,Manuel Romero,,,,,,,
Florindo Sassone,Orquesta Florindo Sassone,Tango Azul,,Tango Nuevo,1974,Instrumental,Leroy Anderson,,,,,,,,
Florindo Sassone,Orquesta Florindo Sassone,Tierra Negra,,Tango Nuevo,1974,Instrumental,"Graciano de Leone, Juan Noli",Francisco Bastardi,,,,,,,
Florindo Sassone,Orquesta Florindo Sassone,Un Violín en la Noche,,Tango Nuevo,1974,Instrumental,Cesare Bixio,,,,,,,,
Florindo Sassone,Orquesta Florindo Sassone,Angustia de un Perdón,,Tango Nuevo,1975,Rodolfo Lemos,"Ángel Gatti, Antonio Cerviño","Ángel Gatti, Antonio Cerviño",,,,,,,
Florindo Sassone,Orquesta Florindo Sassone,Aquella Calesita,,Tango Nuevo,1975,Rodolfo Lemos,Enrique Cantore,Oscar del Priore,,,,,,,
Florindo Sassone,Orquesta Florindo Sassone,Bolivar y Chile,,Tango Nuevo,1975,Instrumental,"Florindo Sassone, Javier Mazzea",,,,,,,,
Florindo Sassone,Orquesta Florindo Sassone,Con Amor a Maria Elena,,Tango Nuevo,1975,Instrumental,"Florindo Sassone, Javier Mazzea",Yaraví,,,,,,,
Florindo Sassone,Orquesta Florindo Sassone,Coqueteando por la Ribera,,Milonga Nueva,1975,Oscar Macri,"Florindo Sassone, Javier Mazzea",Yaraví,,,,,,,
Florindo Sassone,Orquesta Florindo Sassone,El Último Escalón,,Tango Nuevo,1975,Oscar Macri,"Florindo Sassone, Javier Mazzea, Dante Gilardoni","Florindo Sassone, Javier Mazzea, Dante Gilardoni",,,,,,,
Florindo Sassone,Orquesta Florindo Sassone,Preñado de Gris,,Tango Nuevo,1975,Rodolfo Lemos,Javier Mazzea,José Suñé,,,,,,,
Florindo Sassone,Orquesta Florindo Sassone,Ribera Sud,Rivera Sud,Tango Nuevo,1975,Instrumental,"Florindo Sassone, Javier Mazzea",,,,,,,,
Florindo Sassone,Orquesta Florindo Sassone,Siempre Te Nombra,,Tango Nuevo,1975,Oscar Macri,"Florindo Sassone, Javier Mazzea",José Rótulo,,,,,,,
Florindo Sassone,Orquesta Florindo Sassone,Tango Caprichoso,,Tango Nuevo,1975,Instrumental,"Florindo Sassone, Javier Mazzea",,,,,,,,
Florindo Sassone,Orquesta Florindo Sassone,Veinte Tangos Atrás,,Tango Nuevo,1975,Rodolfo Lemos,"Florindo Sassone, Javier Mazzea",Cátulo Castillo,,,,,,,
Florindo Sassone,Orquesta Florindo Sassone,Viejo Malevo,,Tango Nuevo,1975,Rodolfo Lemos,Germán Teisseire,Diego Perkins,,,,,,,
Florindo Sassone,Orquesta Florindo Sassone,Aquella Inolvidable Canción,,Tango Nuevo,1979,Instrumental,"Florindo Sassone, J. Coplautti","Florindo Sassone, J. Coplautti",,,,,,,
Florindo Sassone,Orquesta Florindo Sassone,"Buenos Aires, Mi Ciudad",,Tango Nuevo,1979,Oscar Macri,Javier Mazzea,Javier Mazzea,,,,,,,
Florindo Sassone,Orquesta Florindo Sassone,Casita Pequeñita,,Tango Nuevo,1979,Oscar Macri,Félix Villa,Unknown,,,,,,,
Florindo Sassone,Orquesta Florindo Sassone,Esquina Gardeliana,,Tango Nuevo,1979,Instrumental,"Florindo Sassone, Javier Mazzea",,,,,,,,
Florindo Sassone,Orquesta Florindo Sassone,Estrella,,Tango Nuevo,1979,Oscar Macri,"Roberto Cassinelli, Marcelino Hernández","Roberto Cassinelli, Marcelino Hernández",,,,,,,
Florindo Sassone,Orquesta Florindo Sassone,La Piel de Buenos Aires,,Tango Nuevo,1979,Rodolfo Lemos,Pedro Ortiz,Javier Mazzea,,,,,,,
Florindo Sassone,Orquesta Florindo Sassone,Royal Pigall,Qué Has Hecho de Mi Cariño,Tango Nuevo,1979,Instrumental,Juan Maglio,José Castillo,,,,,,,
Florindo Sassone,Orquesta Florindo Sassone,Tangos Copas y Amor,,Tango Nuevo,1979,Oscar Macri y Rodolfo Lemos,Florindo Sassone,Ángel Di Rosa,,,,,,,
Florindo Sassone,Orquesta Florindo Sassone,Trasnochando,,Tango Nuevo,1979,Rodolfo Lemos,Armando Baliotti,Santiago Adamini,,,,,,,
